paso,episodio,puntaje,pasos_episodio,perdida_media,pasos_por_segundo
687,1,0.0,2769,,646.6
1369,2,0.0,2769,,642.1
2054,3,0.0,2769,,647.0
2738,4,0.0,2769,,652.5
3427,5,0.0,2769,,655.2
4113,6,0.0,2769,,652.3
4800,7,0.0,2769,,654.6
5483,8,0.0,2769,,656.0
6171,9,0.0,2769,,657.0
6856,10,0.0,2769,,654.7
7542,11,0.0,2769,,656.0
8226,12,0.0,2769,,657.2
8914,13,0.0,2769,,658.4
9601,14,0.0,2769,,656.7
10285,15,0.0,2769,,657.6
10969,16,0.0,2769,,658.5
11658,17,0.0,2769,,658.9
12344,18,0.0,2769,,657.4
13033,19,0.0,2769,,657.9
13720,20,0.0,2769,,658.2
14406,21,0.0,2769,,658.6
15089,22,0.0,2769,,657.6
15773,23,0.0,2769,,658.0
16457,24,0.0,2769,,657.8
17146,25,0.0,2769,,658.1
17831,26,0.0,2769,,657.2
18519,27,0.0,2769,,657.7
19208,28,0.0,2769,,658.1
19897,29,0.0,2769,,658.6
20589,30,120.0,2797,3.63562,589.0
21098,31,30.0,2049,3.49951,543.0
21804,32,110.0,2843,3.38942,493.0
22268,33,40.0,1871,3.33832,466.3
22745,34,110.0,1947,3.29746,442.9
23059,35,15.0,1295,3.27511,428.9
23312,36,10.0,1039,3.25874,418.7
23823,37,55.0,2063,3.23354,400.2
24286,38,90.0,1885,3.17355,385.0
24762,39,65.0,1943,3.12131,371.2
25058,40,5.0,1205,3.10112,363.2
25362,41,15.0,1237,3.08623,355.7
25748,42,40.0,1569,3.07337,346.7
26351,43,55.0,2429,3.06512,334.0
26630,44,30.0,1151,3.0666,328.5
27504,45,295.0,3533,3.09555,313.4
28000,46,50.0,2013,3.11821,305.8
28802,47,260.0,3225,3.18018,294.8
29287,48,90.0,1963,3.21253,288.8
29785,49,80.0,2011,3.25512,283.2
30745,50,355.0,3851,3.32659,273.3
31121,51,20.0,1539,3.35365,269.8
31498,52,40.0,1549,3.37508,266.3
32007,53,105.0,2063,3.41702,261.9
32530,54,135.0,2105,3.44036,257.8
32847,55,5.0,1281,3.45674,255.4
33572,56,215.0,2923,3.49502,249.6
34656,57,555.0,4361,3.543,242.8
35028,58,30.0,1511,3.54705,240.6
35601,59,155.0,2303,3.56902,237.5
36335,60,240.0,2973,3.57262,233.6
36811,61,180.0,1931,3.58112,231.2
37547,62,255.0,2967,3.59434,227.8
37844,63,50.0,1217,3.59676,226.4
38467,64,155.0,2511,3.61346,223.8
38983,65,105.0,2081,3.6195,221.7
39482,66,110.0,2031,3.62289,219.7
40048,67,90.0,2285,3.62604,217.6
40648,68,180.0,2439,3.62585,215.4
41051,69,75.0,1643,3.625,214.0
41586,70,80.0,2163,3.61812,212.2
42093,71,55.0,2069,3.61019,210.6
42727,72,175.0,2575,3.60762,208.6
43257,73,275.0,2145,3.60571,207.1
43524,74,20.0,1107,3.60004,206.3
44017,75,45.0,2009,3.60583,204.9
44614,76,60.0,2415,3.61214,203.3
44999,77,50.0,1559,3.60902,202.4
45649,78,90.0,2631,3.61255,200.7
46009,79,105.0,1461,3.61243,199.8
46288,80,90.0,1133,3.61228,199.0
46553,81,15.0,1091,3.61631,198.3
47286,82,185.0,2969,3.6213,196.3
47905,83,180.0,2511,3.62059,194.8
48165,84,15.0,1063,3.61899,194.2
48456,85,50.0,1179,3.60831,193.5
48942,86,75.0,1961,3.60586,192.3
49548,87,125.0,2459,3.59361,190.9
50145,88,360.0,2419,3.58914,189.5
50663,89,110.0,2089,3.57517,188.6
51155,90,105.0,1985,3.56711,187.5
51706,91,135.0,2225,3.55582,186.6
52315,92,155.0,2453,3.55489,185.4
52960,93,210.0,2605,3.55198,184.2
53563,94,210.0,2433,3.55041,183.0
54165,95,155.0,2433,3.54466,182.0
54638,96,105.0,1913,3.54315,181.2
54927,97,45.0,1183,3.54472,180.8
55416,98,105.0,1989,3.54586,180.2
55706,99,105.0,1191,3.54916,179.8
56466,100,390.0,3077,3.53376,178.8
56862,101,30.0,1615,3.53015,178.3
57468,102,180.0,2465,3.51947,177.6
58065,103,210.0,2411,3.509,176.9
58541,104,90.0,1927,3.50694,176.4
59177,105,410.0,2581,3.49478,175.6
59768,106,110.0,2391,3.47999,175.0
60457,107,180.0,2789,3.48678,174.3
61414,108,530.0,3863,3.48852,173.3
61960,109,120.0,2211,3.49014,172.8
62580,110,210.0,2503,3.48453,172.0
63222,111,210.0,2583,3.48402,168.0
63484,112,75.0,1073,3.48412,167.4
64099,113,180.0,2487,3.48079,166.9
64600,114,105.0,2023,3.47465,166.5
65239,115,210.0,2585,3.46375,166.0
66222,116,330.0,3943,3.45615,165.3
67035,117,240.0,3289,3.45259,164.8
67639,118,185.0,2435,3.4366,164.4
68234,119,150.0,2393,3.43557,164.0
69272,120,290.0,4185,3.45042,163.1
69787,121,110.0,2075,3.44821,162.7
70409,122,135.0,2507,3.4521,162.3
70741,123,75.0,1347,3.45086,162.1
71466,124,460.0,2939,3.44652,161.7
72193,125,260.0,2925,3.44655,161.3
72796,126,145.0,2433,3.43016,160.9
73326,127,105.0,2151,3.41499,160.6
73811,128,120.0,1967,3.40846,160.4
74298,129,105.0,1987,3.39459,160.1
74876,130,135.0,2325,3.38306,159.8
75503,131,210.0,2531,3.38075,159.5
75978,132,80.0,1923,3.37281,159.3
77151,133,305.0,4705,3.37047,158.8
77881,134,260.0,2953,3.37031,158.5
78942,135,350.0,4263,3.37151,158.0
79555,136,210.0,2475,3.36586,157.8
80189,137,210.0,2561,3.36943,157.6
81175,138,360.0,3963,3.36862,157.2
81836,139,180.0,2673,3.37016,157.0
82469,140,210.0,2557,3.37753,156.7
83153,141,225.0,2769,3.37156,156.5
83746,142,410.0,2407,3.37553,156.2
84384,143,210.0,2587,3.36458,156.0
84907,144,155.0,2111,3.36405,155.8
85627,145,290.0,2911,3.36274,155.4
86605,146,340.0,3931,3.35445,155.1
87563,147,320.0,3857,3.35487,154.8
88542,148,265.0,3933,3.35606,154.4
89056,149,215.0,2071,3.35565,154.3
89798,150,405.0,3009,3.35706,154.0
90510,151,455.0,2889,3.35437,153.8
91301,152,515.0,3193,3.35781,153.5
92039,153,265.0,2975,3.35241,153.3
92733,154,260.0,2791,3.35497,153.1
93298,155,165.0,2279,3.35922,152.9
94070,156,335.0,3113,3.35801,152.7
94883,157,365.0,3269,3.36464,152.5
95543,158,270.0,2671,3.35681,152.3
96082,159,120.0,2171,3.36052,152.1
96865,160,550.0,3155,3.34763,151.9
97263,161,115.0,1617,3.34367,151.8
97854,162,270.0,2399,3.33765,151.7
98844,163,525.0,3973,3.33149,151.4
99611,164,510.0,3091,3.33198,151.2
100320,165,500.0,2869,3.32288,150.5
101043,166,160.0,2917,3.32227,150.3
101795,167,375.0,3039,3.32588,150.1
102193,168,155.0,1621,3.32362,150.0
103012,169,595.0,3301,3.32158,149.8
103518,170,165.0,2053,3.32754,149.7
104194,171,405.0,2739,3.33258,149.5
104494,172,110.0,1239,3.32642,149.5
105229,173,325.0,2977,3.32025,149.3
105504,174,100.0,1129,3.32141,149.3
106627,175,470.0,4505,3.30736,149.0
107030,176,5.0,1637,3.29947,149.0
107632,177,215.0,2429,3.28968,148.8
108208,178,450.0,2321,3.28538,148.7
108509,179,75.0,1221,3.28888,148.7
109054,180,280.0,2205,3.29516,148.6
109685,181,255.0,2535,3.29502,148.5
109950,182,45.0,1083,3.29351,148.4
110530,183,230.0,2341,3.29228,148.3
111020,184,235.0,1999,3.29598,148.2
111742,185,230.0,2915,3.29467,148.1
112711,186,220.0,3891,3.29271,147.9
113190,187,100.0,1947,3.28396,147.8
114222,188,395.0,4141,3.27716,147.6
114827,189,185.0,2437,3.27191,147.4
115439,190,260.0,2483,3.27678,147.3
116148,191,335.0,2855,3.26809,147.2
116421,192,75.0,1113,3.26486,147.1
116877,193,120.0,1851,3.26484,147.0
117378,194,195.0,2019,3.26835,146.9
117753,195,15.0,1525,3.26639,146.9
118333,196,185.0,2353,3.26404,146.8
118586,197,80.0,1053,3.2637,146.7
119126,198,435.0,2193,3.25877,146.6
119658,199,280.0,2151,3.25196,146.5
120015,200,100.0,1439,3.25197,146.5
120490,201,135.0,1935,3.24228,146.4
121043,202,235.0,2231,3.23774,146.3
121597,203,230.0,2249,3.23253,146.2
122072,204,255.0,1933,3.23233,146.1
122813,205,315.0,3003,3.22878,146.0
123891,206,530.0,4331,3.21761,145.8
124459,207,255.0,2311,3.22348,145.7
125383,208,190.0,3711,3.21652,145.6
125874,209,395.0,1999,3.21553,145.5
126385,210,265.0,2061,3.21744,145.5
126642,211,105.0,1067,3.22151,145.4
127524,212,420.0,3549,3.21752,145.3
127904,213,145.0,1537,3.21673,145.3
128172,214,80.0,1091,3.21456,145.3
128839,215,285.0,2699,3.20847,145.2
129588,216,290.0,3018,3.20944,145.1
129877,217,20.0,1169,3.21212,145.0
130787,218,480.0,3655,3.19175,144.9
131300,219,285.0,2071,3.19565,144.9
132086,220,320.0,3175,3.19281,144.8
132615,221,270.0,2151,3.19243,144.7
133190,222,285.0,2335,3.19232,144.6
133615,223,185.0,1727,3.18552,144.6
134397,224,305.0,3165,3.19312,144.5
134931,225,270.0,2151,3.19082,144.4
135377,226,240.0,1821,3.18834,144.4
135908,227,270.0,2151,3.18413,144.3
136441,228,270.0,2151,3.17934,144.3
136969,229,270.0,2151,3.17559,144.2
137501,230,270.0,2151,3.17198,144.1
138029,231,270.0,2151,3.15439,144.1
138559,232,270.0,2151,3.15046,144.0
139087,233,280.0,2145,3.14833,144.0
139939,234,195.0,3443,3.13696,143.9
140387,235,240.0,1827,3.1328,143.8
140901,236,255.0,2075,3.12277,143.8
141737,237,225.0,3377,3.1147,143.7
142575,238,255.0,3379,3.11219,143.6
143105,239,270.0,2151,3.1104,143.6
143634,240,300.0,2151,3.11361,143.5
144571,241,370.0,3761,3.10249,143.4
145099,242,270.0,2151,3.099,143.4
145627,243,270.0,2151,3.10023,143.3
146077,244,235.0,1817,3.09018,143.3
146585,245,265.0,2071,3.08801,143.2
147115,246,270.0,2151,3.08286,143.2
147965,247,225.0,3411,3.06808,143.1
148493,248,270.0,2151,3.07199,143.1
148938,249,240.0,1803,3.07331,143.0
149466,250,290.0,2141,3.08008,143.0
150000,251,270.0,2151,3.07933,142.9
150643,252,250.0,2589,3.07968,142.8
151174,253,270.0,2151,3.08256,142.8
151610,254,195.0,1757,3.08503,142.8
152124,255,255.0,2093,3.08761,142.7
152592,256,235.0,1883,3.07436,142.7
153123,257,270.0,2151,3.07425,142.6
153938,258,240.0,3293,3.06117,142.6
154471,259,270.0,2151,3.05878,142.5
155003,260,270.0,2151,3.04467,142.5
155537,261,270.0,2151,3.02765,142.4
156072,262,270.0,2151,3.0222,142.4
156569,263,275.0,2019,3.02392,142.4
157097,264,270.0,2151,3.01219,142.3
157629,265,270.0,2151,3.01269,142.3
158157,266,270.0,2151,3.00619,142.2
158598,267,240.0,1775,3.00393,142.2
159380,268,305.0,3165,2.99625,142.2
160271,269,435.0,3591,2.99161,142.1
160802,270,270.0,2151,2.98328,142.0
161206,271,230.0,1647,2.97454,142.0
161738,272,270.0,2151,2.96032,142.0
162200,273,235.0,1869,2.9498,141.9
162732,274,270.0,2151,2.94223,141.9
163242,275,265.0,2071,2.93986,141.9
163775,276,270.0,2151,2.92835,141.8
164226,277,235.0,1833,2.92912,141.8
164761,278,270.0,2151,2.92793,141.8
165295,279,270.0,2151,2.93444,141.7
165731,280,240.0,1775,2.93868,141.7
166260,281,270.0,2151,2.94461,141.7
166788,282,270.0,2151,2.95051,141.6
167318,283,270.0,2151,2.95834,141.6
167849,284,270.0,2151,2.94867,141.6
168380,285,270.0,2151,2.94465,141.6
168911,286,270.0,2151,2.9408,141.5
169439,287,270.0,2151,2.92529,141.5
169972,288,270.0,2151,2.91335,141.5
170501,289,270.0,2151,2.89581,141.5
171035,290,270.0,2151,2.88943,141.4
171568,291,270.0,2151,2.87542,141.4
172033,292,235.0,1871,2.87077,141.4
172568,293,270.0,2151,2.86315,141.4
173097,294,270.0,2151,2.85723,141.3
173625,295,270.0,2151,2.84826,141.3
174133,296,265.0,2071,2.84599,141.3
174666,297,270.0,2151,2.84499,141.2
175198,298,270.0,2151,2.83747,141.2
175730,299,270.0,2151,2.8393,141.2
176262,300,270.0,2151,2.83405,141.1
176791,301,270.0,2151,2.82391,141.1
177322,302,270.0,2151,2.82406,141.1
177854,303,270.0,2151,2.81559,141.0
178385,304,270.0,2151,2.80995,141.0
178917,305,270.0,2151,2.79997,141.0
179448,306,290.0,2141,2.78793,141.0
179977,307,270.0,2151,2.78011,140.9
180506,308,270.0,2151,2.7832,140.9
180959,309,235.0,1833,2.7837,140.9
181492,310,270.0,2151,2.77399,140.9
182028,311,270.0,2159,2.77496,140.8
182556,312,270.0,2151,2.77473,140.8
183088,313,270.0,2151,2.77107,140.8
183623,314,280.0,2153,2.7691,140.7
184746,315,600.0,4527,2.7584,140.7
185281,316,270.0,2151,2.7523,140.7
185809,317,270.0,2151,2.74409,140.6
186661,318,360.0,3439,2.72641,140.6
188158,319,1125.0,6023,2.72468,140.5
188688,320,270.0,2151,2.71958,140.5
189216,321,270.0,2151,2.71554,140.5
189746,322,270.0,2151,2.70909,140.4
190262,323,180.0,2093,2.717,140.4
190704,324,240.0,1803,2.71793,140.4
191232,325,270.0,2151,2.70856,140.4
191762,326,270.0,2151,2.70785,140.3
192302,327,280.0,2193,2.71363,140.3
192831,328,270.0,2151,2.70274,140.3
193365,329,270.0,2151,2.70228,140.3
193896,330,270.0,2151,2.69137,140.2
194425,331,270.0,2151,2.67664,140.2
194955,332,270.0,2151,2.67349,140.2
195409,333,235.0,1833,2.67072,140.2
195943,334,270.0,2151,2.66567,140.1
197062,335,800.0,4509,2.67625,140.1
197597,336,270.0,2151,2.67971,140.0
198128,337,270.0,2151,2.68854,140.0
198662,338,270.0,2151,2.68704,140.0
199193,339,270.0,2151,2.68605,140.0
199728,340,270.0,2151,2.68062,139.9
200263,341,270.0,2151,2.67361,139.7
200791,342,270.0,2131,2.66056,139.7
201320,343,270.0,2151,2.64259,139.7
201854,344,270.0,2151,2.62787,139.6
202391,345,270.0,2165,2.62349,139.6
202926,346,270.0,2161,2.61706,139.6
203456,347,270.0,2151,2.61758,139.5
203988,348,270.0,2151,2.61325,139.5
204523,349,270.0,2151,2.61807,139.5
205057,350,270.0,2151,2.63109,139.4
205589,351,270.0,2151,2.63955,139.4
206453,352,635.0,3497,2.64268,139.4
206985,353,270.0,2151,2.63907,139.4
207520,354,270.0,2151,2.64167,139.3
208049,355,270.0,2151,2.6441,139.3
208581,356,270.0,2151,2.62864,139.3
209111,357,270.0,2151,2.62112,139.3
209967,358,560.0,3439,2.60401,139.3
210498,359,270.0,2151,2.59327,139.2
211032,360,270.0,2151,2.58522,139.2
211849,361,375.0,3287,2.5762,139.2
212383,362,305.0,2151,2.56576,139.2
212911,363,270.0,2131,2.56943,139.1
213766,364,560.0,3439,2.5596,139.1
214299,365,270.0,2151,2.56137,139.1
214832,366,270.0,2151,2.5578,139.1
215365,367,270.0,2151,2.54879,139.1
215896,368,260.0,2151,2.54158,139.0
216431,369,270.0,2157,2.53257,139.0
216959,370,270.0,2151,2.52255,139.0
217503,371,305.0,2189,2.51528,139.0
218031,372,290.0,2151,2.51052,139.0
218562,373,270.0,2151,2.50564,139.0
219093,374,270.0,2151,2.49662,138.9
219894,375,340.0,3229,2.49049,138.9
220422,376,270.0,2151,2.484,138.9
220950,377,280.0,2151,2.48108,138.9
221482,378,280.0,2151,2.47859,138.9
222335,379,560.0,3439,2.46892,138.8
222863,380,270.0,2151,2.46053,138.8
223397,381,270.0,2151,2.4579,138.8
223930,382,275.0,2151,2.45675,138.8
224385,383,235.0,1839,2.45573,138.8
224916,384,270.0,2153,2.46009,138.7
225697,385,295.0,3149,2.44847,138.7
226554,386,560.0,3439,2.43666,138.7
227087,387,270.0,2151,2.43061,138.7
227620,388,270.0,2151,2.42375,138.7
228151,389,270.0,2151,2.41347,138.6
228683,390,270.0,2151,2.40537,138.6
229212,391,280.0,2151,2.39694,138.6
229744,392,270.0,2151,2.39626,138.6
230275,393,270.0,2151,2.39038,138.6
230806,394,280.0,2151,2.39335,138.5
231337,395,280.0,2151,2.3929,138.5
231800,396,225.0,1869,2.39014,138.5
232328,397,270.0,2151,2.38983,138.5
232860,398,270.0,2151,2.39358,138.5
233389,399,280.0,2153,2.39029,138.5
233923,400,270.0,2157,2.38375,138.5
234457,401,270.0,2165,2.3814,138.4
234986,402,300.0,2151,2.38105,138.4
235518,403,280.0,2153,2.37652,138.4
236298,404,295.0,3149,2.3754,138.4
236718,405,185.0,1709,2.38124,138.4
237248,406,270.0,2151,2.38308,138.4
238076,407,170.0,3345,2.37973,138.3
238605,408,270.0,2151,2.36935,138.3
239136,409,275.0,2151,2.36772,138.3
239559,410,185.0,1709,2.36896,138.3
240507,411,290.0,3809,2.35134,138.3
241037,412,280.0,2151,2.3379,138.2
241568,413,270.0,2153,2.33102,138.2
242110,414,295.0,2195,2.3223,138.2
242654,415,270.0,2189,2.31409,138.2
243186,416,280.0,2151,2.3129,138.2
243608,417,185.0,1709,2.2934,138.2
244461,418,560.0,3439,2.29434,138.1
244993,419,280.0,2153,2.29415,138.1
245848,420,560.0,3439,2.29892,138.1
246698,421,560.0,3439,2.30265,138.1
247232,422,285.0,2157,2.29907,138.1
247717,423,290.0,1979,2.29723,138.0
248653,424,355.0,3769,2.28021,138.0
249186,425,280.0,2151,2.267,138.0
250206,426,300.0,4093,2.26183,138.0
250747,427,280.0,2185,2.25415,138.0
251278,428,275.0,2151,2.24815,137.9
251809,429,270.0,2159,2.25234,137.9
252341,430,275.0,2151,2.25263,137.9
252874,431,270.0,2151,2.24491,137.9
253404,432,270.0,2151,2.24257,137.9
253939,433,290.0,2153,2.23851,137.9
255075,434,800.0,4559,2.23275,137.8
255615,435,280.0,2189,2.2303,137.8
256468,436,345.0,3433,2.22046,137.8
257247,437,540.0,3133,2.21636,137.8
257790,438,280.0,2185,2.21017,137.8
258608,439,385.0,3303,2.20332,137.8
259425,440,355.0,3289,2.18777,137.7
260261,441,235.0,3375,2.1799,137.7
260801,442,275.0,2183,2.17349,137.7
262058,443,475.0,5065,2.15838,137.7
262600,444,285.0,2189,2.15532,137.7
263380,445,295.0,3149,2.15544,137.6
263770,446,130.0,1587,2.15163,137.6
264314,447,275.0,2201,2.15343,137.6
264857,448,275.0,2193,2.14217,137.6
265637,449,530.0,3153,2.13365,137.6
266170,450,275.0,2151,2.12841,137.6
266704,451,275.0,2153,2.11693,137.6
267590,452,410.0,3563,2.09778,137.5
268131,453,305.0,2189,2.09239,137.5
268673,454,275.0,2201,2.08807,137.5
269202,455,280.0,2153,2.09442,137.5
269974,456,295.0,3121,2.08789,137.5
270517,457,275.0,2187,2.08876,137.5
271303,458,335.0,3185,2.08717,137.4
272104,459,555.0,3243,2.08595,137.4
272634,460,280.0,2153,2.07898,137.4
273762,461,400.0,4527,2.06353,137.4
274545,462,495.0,3147,2.04999,137.4
275117,463,280.0,2315,2.03761,137.4
275946,464,575.0,3339,2.01699,137.4
276732,465,535.0,3179,2.01657,137.3
277286,466,305.0,2231,2.01108,137.3
278186,467,635.0,3613,2.0056,137.3
278964,468,295.0,3145,2.00265,137.3
279443,469,280.0,1939,2.00299,137.3
280229,470,340.0,3169,1.99134,137.2
281116,471,425.0,3573,1.97613,137.2
281656,472,285.0,2189,1.97322,137.2
282204,473,290.0,2211,1.9665,137.2
283025,474,365.0,3305,1.95073,137.2
283816,475,335.0,3185,1.9453,137.2
284614,476,365.0,3203,1.93742,137.2
285406,477,340.0,3181,1.9365,137.1
285950,478,275.0,2191,1.93501,137.1
286504,479,295.0,2229,1.93873,137.1
287293,480,355.0,3193,1.92835,137.1
287803,481,255.0,2053,1.93022,137.1
288938,482,375.0,4561,1.92556,137.1
289723,483,340.0,3177,1.92005,137.0
290296,484,285.0,2323,1.92016,137.0
290841,485,285.0,2195,1.91658,137.0
291695,486,390.0,3447,1.92173,137.0
292485,487,340.0,3185,1.91904,137.0
292965,488,280.0,1939,1.91167,137.0
293472,489,285.0,2053,1.91128,137.0
294013,490,285.0,2195,1.90922,137.0
294791,491,500.0,3145,1.90781,137.0
295976,492,485.0,4767,1.89597,136.9
296522,493,285.0,2203,1.8997,136.9
297304,494,340.0,3167,1.91072,136.9
297848,495,285.0,2195,1.91076,136.9
298392,496,285.0,2203,1.9114,136.9
298933,497,275.0,2191,1.91136,136.9
299474,498,275.0,2195,1.91161,136.9
300019,499,285.0,2191,1.90807,136.8
300558,500,285.0,2193,1.90163,136.8
301096,501,285.0,2191,1.89613,136.7
302003,502,440.0,3661,1.89101,136.7
302782,503,310.0,3139,1.88722,136.7
303593,504,385.0,3283,1.88066,136.7
304133,505,285.0,2195,1.8841,136.7
304710,506,285.0,2343,1.88397,136.7
305987,507,475.0,5125,1.87782,136.7
306775,508,355.0,3193,1.87519,136.7
307635,509,555.0,3479,1.8713,136.7
308414,510,340.0,3135,1.86905,136.7
309219,511,610.0,3247,1.8743,136.7
309992,512,575.0,3127,1.87183,136.6
310774,513,330.0,3157,1.8693,136.6
312061,514,910.0,5179,1.87632,136.6
312844,515,340.0,3163,1.87025,136.5
313659,516,385.0,3275,1.87486,136.5
314215,517,370.0,2251,1.87505,136.5
314693,518,280.0,1939,1.87302,136.5
315545,519,720.0,3431,1.8658,136.5
316336,520,375.0,3185,1.85976,136.5
316817,521,270.0,1945,1.85343,136.5
317362,522,285.0,2199,1.8536,136.5
318638,523,570.0,5115,1.84572,136.4
319458,524,420.0,3321,1.84458,136.4
320045,525,320.0,2371,1.84737,136.4
320832,526,630.0,3177,1.84641,136.4
321415,527,295.0,2369,1.84123,136.4
321941,528,350.0,2131,1.83528,136.4
323021,529,740.0,4339,1.83401,136.4
323610,530,270.0,2379,1.82132,136.4
324154,531,285.0,2209,1.81953,136.4
324948,532,620.0,3199,1.8203,136.3
325487,533,320.0,2193,1.82068,136.3
326300,534,465.0,3265,1.82133,136.3
327147,535,520.0,3421,1.82464,136.3
327731,536,415.0,2351,1.82288,136.3
328242,537,280.0,2081,1.82661,136.3
329034,538,390.0,3199,1.82608,136.3
329581,539,305.0,2225,1.81882,136.3
330473,540,390.0,3593,1.81678,136.3
330992,541,330.0,2099,1.81062,136.3
331759,542,380.0,3087,1.79979,136.2
332557,543,340.0,3221,1.79598,136.2
333084,544,305.0,2143,1.79214,136.2
333947,545,470.0,3491,1.79664,136.2
334469,546,290.0,2103,1.79288,136.2
334988,547,290.0,2103,1.79922,136.2
335534,548,310.0,2211,1.7968,136.2
336053,549,335.0,2111,1.80049,136.2
336829,550,595.0,3127,1.79178,136.2
337634,551,425.0,3245,1.79005,136.2
338447,552,400.0,3287,1.78505,136.1
339237,553,350.0,3183,1.77624,136.1
340405,554,510.0,4707,1.76704,136.1
340982,555,330.0,2323,1.76242,136.1
341525,556,305.0,2185,1.76258,136.1
342449,557,445.0,3727,1.75555,136.1
343220,558,380.0,3097,1.75773,136.1
343847,559,250.0,2521,1.75248,136.1
344374,560,290.0,2147,1.75683,136.1
345475,561,710.0,4423,1.75396,136.0
346062,562,285.0,2365,1.76131,136.0
346540,563,280.0,1939,1.75639,136.0
347304,564,545.0,3077,1.747,136.0
348072,565,370.0,3087,1.74773,136.0
348860,566,345.0,3175,1.75385,136.0
349748,567,500.0,3589,1.75839,136.0
350341,568,335.0,2393,1.75667,136.0
351122,569,390.0,3153,1.75901,136.0
352677,570,600.0,6247,1.73509,136.0
353443,571,370.0,3087,1.71622,135.9
354231,572,330.0,3173,1.71048,135.9
355264,573,525.0,4171,1.70188,135.9
356463,574,710.0,4815,1.7032,135.9
357043,575,280.0,2331,1.70286,135.9
357979,576,680.0,3777,1.70658,135.9
358497,577,280.0,2105,1.70556,135.9
359763,578,600.0,5093,1.7089,135.9
360843,579,400.0,4351,1.70985,135.9
361424,580,290.0,2357,1.70823,135.9
362304,581,420.0,3545,1.70464,135.8
362880,582,310.0,2317,1.70476,135.8
363620,583,325.0,2995,1.69496,135.8
364274,584,260.0,2643,1.68867,135.8
364799,585,150.0,2121,1.68672,135.8
365565,586,325.0,3079,1.68375,135.8
366069,587,165.0,2027,1.68717,135.8
366871,588,415.0,3223,1.68999,135.8
367639,589,500.0,3097,1.68227,135.8
368218,590,370.0,2353,1.68351,135.8
369028,591,320.0,3273,1.67242,135.8
370110,592,390.0,4347,1.65846,132.7
370856,593,350.0,3013,1.64109,132.6
371481,594,340.0,2517,1.64907,132.6
372222,595,340.0,2979,1.65512,132.5
372519,596,95.0,1221,1.6585,132.5
373135,597,335.0,2475,1.66072,132.5
373759,598,375.0,2519,1.66455,132.5
374357,599,335.0,2407,1.66099,132.5
375057,600,525.0,2823,1.66199,132.5
375861,601,435.0,3245,1.64385,132.5
376473,602,465.0,2489,1.63179,132.4
377262,603,325.0,3181,1.63342,132.4
377868,604,310.0,2461,1.62846,132.4
378472,605,355.0,2439,1.6279,132.4
379050,606,205.0,2339,1.62755,132.4
379540,607,250.0,1973,1.62765,132.4
380162,608,350.0,2499,1.63168,132.4
380779,609,330.0,2501,1.6329,132.4
381492,610,385.0,2871,1.62842,132.4
382102,611,310.0,2479,1.63179,132.3
382938,612,575.0,3381,1.62971,132.3
383489,613,290.0,2233,1.63063,132.3
384058,614,295.0,2295,1.63029,132.3
384689,615,285.0,2537,1.62384,132.3
385228,616,275.0,2181,1.62529,132.3
385758,617,255.0,2155,1.62715,132.3
386333,618,340.0,2319,1.62492,132.3
387047,619,410.0,2881,1.62393,132.3
387728,620,470.0,2763,1.62605,132.2
388257,621,215.0,2129,1.62305,132.2
388820,622,255.0,2285,1.617,132.2
389438,623,300.0,2493,1.61285,132.2
389949,624,235.0,2067,1.60333,132.2
390523,625,310.0,2323,1.60514,132.2
391064,626,260.0,2183,1.60383,132.2
391501,627,225.0,1785,1.6019,132.2
391938,628,225.0,1781,1.60179,132.2
392502,629,265.0,2279,1.60011,132.2
393435,630,475.0,3747,1.59217,132.1
394046,631,320.0,2483,1.59537,132.1
394878,632,465.0,3343,1.5926,132.1
395421,633,305.0,2189,1.5868,132.1
395858,634,225.0,1783,1.58277,132.1
396381,635,280.0,2131,1.58466,132.0
396824,636,225.0,1813,1.58855,132.0
397261,637,225.0,1785,1.5883,132.0
398260,638,700.0,4033,1.58654,132.0
398742,639,275.0,1943,1.58771,132.0
399209,640,180.0,1895,1.58539,132.0
399803,641,255.0,2411,1.58417,132.0
400338,642,270.0,2173,1.58207,131.9
400777,643,225.0,1789,1.58411,131.9
401440,644,300.0,2667,1.57932,131.9
401882,645,225.0,1787,1.57984,131.9
402375,646,220.0,1993,1.57273,131.9
402811,647,225.0,1783,1.56761,131.8
403361,648,235.0,2237,1.56533,131.8
403960,649,310.0,2431,1.56834,131.8
404733,650,415.0,3129,1.56599,131.8
405221,651,260.0,1991,1.5627,131.8
406102,652,315.0,3563,1.55844,131.8
406592,653,270.0,1973,1.56385,131.8
407045,654,225.0,1823,1.55923,131.8
407552,655,185.0,2049,1.55841,131.8
407994,656,225.0,1787,1.5513,131.8
408472,657,255.0,1945,1.54786,131.8
408986,658,265.0,2091,1.54643,131.7
409676,659,455.0,2797,1.54712,131.7
410115,660,225.0,1781,1.54032,131.7
410644,661,120.0,2155,1.53102,131.7
411170,662,235.0,2133,1.5362,131.7
411840,663,250.0,2699,1.54054,131.7
412447,664,240.0,2461,1.54487,131.7
412888,665,225.0,1791,1.54888,131.7
413393,666,205.0,2049,1.54621,131.7
414019,667,380.0,2535,1.54575,131.7
414468,668,225.0,1827,1.55369,131.7
415417,669,430.0,3831,1.54389,131.7
415857,670,225.0,1781,1.54043,131.7
416428,671,265.0,2297,1.53618,131.6
416984,672,300.0,2263,1.53509,131.6
417562,673,300.0,2331,1.53446,131.6
418183,674,315.0,2505,1.52833,131.6
418664,675,280.0,1943,1.53066,131.6
419080,676,95.0,1685,1.52975,131.6
419814,677,450.0,2963,1.53734,131.6
420648,678,610.0,3373,1.54132,131.6
421135,679,190.0,1963,1.53842,131.6
421622,680,205.0,1979,1.54266,131.6
422140,681,285.0,2095,1.54844,131.6
422586,682,225.0,1801,1.55195,131.6
423111,683,235.0,2131,1.5501,131.6
423490,684,85.0,1537,1.54489,131.6
424258,685,335.0,3105,1.53266,131.6
424697,686,220.0,1783,1.5278,131.5
425433,687,525.0,2973,1.52448,131.5
425915,688,285.0,1941,1.5177,131.5
426406,689,280.0,1979,1.50926,131.5
427121,690,370.0,2877,1.50114,131.5
427650,691,260.0,2131,1.49834,131.5
428206,692,265.0,2253,1.49324,131.5
429071,693,605.0,3483,1.49122,131.5
429552,694,150.0,1947,1.48964,131.5
430081,695,230.0,2151,1.49187,131.5
430629,696,225.0,2217,1.49109,131.5
431252,697,390.0,2503,1.48758,131.5
431908,698,320.0,2663,1.48884,131.5
432710,699,405.0,3220,1.5,131.5
433229,700,290.0,2103,1.49837,131.5
433675,701,225.0,1805,1.4929,131.5
434132,702,210.0,1853,1.49382,131.5
434654,703,275.0,2125,1.48934,131.5
434979,704,85.0,1335,1.48622,131.5
435468,705,260.0,1973,1.48433,131.5
435986,706,285.0,2083,1.48695,131.5
436665,707,340.0,2747,1.47973,131.5
437151,708,250.0,1971,1.48324,131.5
437633,709,265.0,1967,1.48431,131.5
438332,710,435.0,2815,1.49434,131.5
439005,711,320.0,2723,1.49996,131.5
439684,712,375.0,2757,1.50337,131.4
440416,713,395.0,2959,1.49379,131.4
441188,714,705.0,3111,1.48761,131.4
441775,715,345.0,2361,1.47893,131.4
442258,716,265.0,1965,1.46412,131.4
442927,717,410.0,2701,1.45732,131.4
443705,718,595.0,3137,1.45221,131.4
444407,719,480.0,2847,1.45328,131.4
444968,720,325.0,2275,1.44697,131.4
445539,721,330.0,2307,1.45561,131.4
446354,722,405.0,3289,1.45686,131.4
446944,723,350.0,2371,1.46027,131.4
447594,724,385.0,2633,1.46075,131.4
448368,725,355.0,3111,1.45964,131.4
448851,726,235.0,1961,1.46232,131.4
449662,727,475.0,3269,1.45371,131.3
450434,728,410.0,3113,1.4545,131.3
451113,729,405.0,2755,1.45376,131.3
451838,730,420.0,2915,1.46097,131.2
452483,731,335.0,2597,1.4538,131.2
453295,732,585.0,3271,1.45763,131.2
453891,733,345.0,2397,1.45962,131.2
454466,734,315.0,2319,1.46281,113.4
455142,735,380.0,2721,1.46384,113.4
455855,736,375.0,2873,1.46326,113.4
456695,737,470.0,3391,1.47352,113.4
457587,738,720.0,3591,1.47407,113.5
458068,739,175.0,1955,1.47153,113.5
458854,740,570.0,3159,1.46629,113.5
459524,741,600.0,2695,1.45982,113.5
460376,742,500.0,3433,1.46112,102.1
461050,743,405.0,2727,1.45946,102.1
461815,744,490.0,3101,1.46804,102.1
462562,745,520.0,3029,1.47073,102.2
463137,746,255.0,2323,1.4618,102.2
463762,747,360.0,2531,1.46562,102.2
464831,748,600.0,4309,1.45742,102.3
465358,749,300.0,2135,1.44872,102.3
465968,750,185.0,2471,1.4501,102.4
466536,751,335.0,2305,1.45256,102.0
467252,752,320.0,2893,1.45188,102.0
468059,753,570.0,3243,1.45294,102.0
468680,754,195.0,2525,1.45281,102.1
469751,755,600.0,4303,1.44635,102.1
470365,756,385.0,2473,1.44556,102.1
471031,757,405.0,2683,1.4549,102.1
471720,758,380.0,2795,1.44979,102.2
472465,759,610.0,3007,1.44974,102.2
473001,760,300.0,2175,1.45819,102.2
473828,761,460.0,3337,1.47069,102.3
474439,762,330.0,2457,1.46756,102.3
474943,763,185.0,2045,1.46351,102.3
475435,764,235.0,1981,1.47281,102.3
476053,765,400.0,2505,1.47752,102.3
476642,766,300.0,2385,1.48725,102.3
477323,767,295.0,2742,1.48246,102.4
477966,768,400.0,2589,1.4865,102.4
478769,769,510.0,3251,1.48554,102.4
479453,770,450.0,2763,1.47857,102.4
479992,771,320.0,2167,1.47922,102.5
481033,772,785.0,4193,1.47575,102.5
481523,773,235.0,1983,1.47393,102.5
482172,774,220.0,2617,1.4713,102.5
482848,775,295.0,2739,1.47835,102.6
483424,776,280.0,2341,1.48079,102.6
484223,777,395.0,3227,1.48557,102.6
484746,778,310.0,2113,1.48605,102.6
485216,779,205.0,1919,1.4852,102.7
485921,780,450.0,2859,1.4878,102.7
486899,781,490.0,3935,1.4881,102.7
487578,782,420.0,2743,1.48634,102.8
488353,783,565.0,3125,1.47756,102.8
488926,784,265.0,2325,1.46654,102.8
489728,785,515.0,3233,1.46941,102.8
490509,786,500.0,3155,1.47543,102.8
491120,787,295.0,2473,1.4767,102.9
491794,788,575.0,2709,1.47005,102.9
492842,789,600.0,4207,1.47149,102.9
493532,790,200.0,2801,1.47275,103.0
494181,791,335.0,2635,1.47225,103.0
494677,792,210.0,2003,1.46927,103.0
495413,793,445.0,2957,1.46578,103.0
496052,794,185.0,2589,1.46018,103.1
496574,795,175.0,2125,1.45985,103.1
497250,796,420.0,2739,1.45923,103.1
497865,797,560.0,2481,1.46445,103.1
498807,798,615.0,3781,1.45078,103.1
499795,799,755.0,3993,1.45588,103.2
500411,800,300.0,2497,1.46962,103.1
500942,801,300.0,2161,1.46839,103.1
501742,802,440.0,3235,1.47177,103.2
502915,803,605.0,4727,1.48206,103.2
503735,804,500.0,3313,1.4815,103.2
504870,805,585.0,4562,1.46876,103.2
505586,806,385.0,2889,1.45926,103.3
506072,807,185.0,1981,1.46401,103.3
506926,808,655.0,3447,1.46449,103.3
507671,809,500.0,2995,1.45787,103.3
508283,810,485.0,2463,1.45856,103.3
508845,811,295.0,2269,1.46178,103.4
509536,812,495.0,2793,1.46748,103.4
510384,813,610.0,3403,1.4708,103.4
510917,814,300.0,2143,1.46853,103.4
511448,815,300.0,2143,1.47513,103.4
512331,816,670.0,3563,1.47227,103.4
512872,817,270.0,2177,1.48023,103.4
514169,818,680.0,5211,1.47366,103.5
514607,819,225.0,1783,1.48186,103.5
515391,820,440.0,3159,1.485,103.5
516118,821,305.0,2929,1.49559,103.5
516887,822,670.0,3109,1.50286,103.5
518012,823,605.0,4519,1.49662,103.5
518829,824,550.0,3303,1.50023,103.6
519811,825,520.0,3951,1.49542,103.6
520522,826,580.0,2860,1.48677,103.6
521057,827,300.0,2167,1.47863,103.6
521505,828,185.0,1803,1.46806,103.6
521954,829,250.0,1819,1.4697,103.6
522630,830,620.0,2741,1.46319,103.6
523293,831,325.0,2683,1.44696,103.7
523790,832,205.0,2005,1.44879,103.7
524320,833,260.0,2137,1.44888,103.7
524765,834,185.0,1801,1.45139,103.7
525447,835,420.0,2755,1.4566,103.7
526063,836,320.0,2491,1.46048,103.7
526771,837,345.0,2869,1.45654,103.7
527238,838,175.0,1883,1.45965,103.7
527776,839,285.0,2193,1.45313,103.8
528785,840,605.0,4057,1.45865,103.8
529230,841,195.0,1811,1.46077,103.8
530165,842,645.0,3773,1.45771,103.8
530760,843,200.0,2401,1.4593,103.8
531240,844,215.0,1947,1.46703,103.8
532065,845,520.0,3337,1.47014,103.8
532760,846,595.0,2807,1.46641,103.9
533320,847,480.0,2263,1.45895,103.9
533859,848,300.0,2167,1.46656,103.9
534255,849,180.0,1623,1.46422,103.9
534986,850,350.0,2959,1.45839,103.9
535567,851,345.0,2365,1.45722,103.9
536563,852,570.0,4023,1.45246,103.9
537237,853,435.0,2735,1.45826,104.0
538100,854,375.0,3481,1.44404,104.0
539112,855,410.0,4081,1.44823,104.0
539792,856,410.0,2759,1.44864,104.0
540277,857,195.0,1967,1.45053,104.0
541386,858,600.0,4453,1.4451,104.0
542010,859,235.0,2511,1.44682,104.1
542549,860,295.0,2173,1.44597,104.1
543602,861,430.0,4249,1.4368,104.1
544228,862,500.0,2517,1.44213,104.1
544844,863,340.0,2489,1.4484,104.1
545522,864,240.0,2749,1.43716,104.1
546588,865,770.0,4295,1.43626,104.2
547282,866,590.0,2803,1.4418,104.2
547861,867,305.0,2355,1.43678,104.2
548600,868,385.0,2983,1.43172,104.2
549386,869,490.0,3163,1.44403,104.2
550358,870,470.0,3903,1.45738,104.2
551033,871,355.0,2723,1.45649,104.3
551846,872,465.0,3271,1.47246,104.3
552327,873,215.0,1961,1.47479,104.3
553161,874,575.0,3375,1.47092,104.3
553931,875,435.0,3105,1.46357,104.3
554399,876,225.0,1889,1.46048,104.3
555080,877,375.0,2745,1.45795,104.3
556132,878,755.0,4225,1.43996,104.3
556778,879,410.0,2623,1.44306,104.4
557501,880,325.0,2931,1.4336,104.4
558049,881,195.0,2211,1.42419,104.4
558812,882,470.0,3077,1.42464,104.4
559374,883,345.0,2277,1.43662,104.4
560394,884,585.0,4109,1.43725,104.4
561158,885,440.0,3093,1.43507,104.4
561723,886,315.0,2299,1.4494,104.4
562906,887,570.0,4763,1.43977,104.5
563506,888,395.0,2439,1.43465,104.5
564602,889,790.0,4425,1.43276,104.5
565330,890,400.0,2923,1.44091,104.5
566410,891,470.0,4333,1.44103,104.5
567082,892,395.0,2727,1.43936,104.5
568089,893,725.0,4053,1.45184,104.6
569212,894,605.0,4511,1.44272,104.6
569940,895,390.0,2945,1.44979,104.6
570930,896,455.0,3987,1.4524,104.6
571497,897,280.0,2291,1.45348,104.6
572130,898,530.0,2551,1.44898,104.6
572662,899,310.0,2161,1.461,104.7
573441,900,430.0,3139,1.46538,104.7
574019,901,345.0,2325,1.4647,104.7
574954,902,570.0,3771,1.47071,104.7
575423,903,195.0,1893,1.47734,104.7
576218,904,445.0,3195,1.4791,104.7
576718,905,205.0,2027,1.47665,104.7
577480,906,375.0,3075,1.47065,104.8
578404,907,555.0,3709,1.4566,104.8
579171,908,570.0,3087,1.4501,104.8
579866,909,440.0,2819,1.44429,104.8
580333,910,210.0,1907,1.43631,104.8
581016,911,430.0,2763,1.43082,104.8
581623,912,300.0,2445,1.42862,104.8
582340,913,390.0,2901,1.43852,104.8
582892,914,295.0,2219,1.44094,104.9
583582,915,405.0,2775,1.44631,104.9
584111,916,195.0,2133,1.44592,104.9
585071,917,600.0,3877,1.44765,104.9
585626,918,355.0,2241,1.45736,104.9
586392,919,365.0,3083,1.45325,104.9
587248,920,830.0,3457,1.43561,104.9
588161,921,485.0,3691,1.43323,105.0
589098,922,550.0,3773,1.44366,105.0
589783,923,500.0,2773,1.43054,105.0
590285,924,195.0,2037,1.4284,105.0
590967,925,365.0,2747,1.43319,105.0
591567,926,340.0,2429,1.4369,105.0
592446,927,545.0,3549,1.42455,105.0
593155,928,295.0,2873,1.42702,105.0
593988,929,390.0,3357,1.42514,105.1
594640,930,360.0,2625,1.4303,105.1
595294,931,340.0,2637,1.43391,105.1
595956,932,295.0,2668,1.43818,105.1
596597,933,310.0,2583,1.43646,105.1
596891,934,120.0,1197,1.43878,105.1
597425,935,195.0,2151,1.43902,105.1
598115,936,295.0,2775,1.44884,105.1
598693,937,305.0,2327,1.45176,105.1
599246,938,250.0,2249,1.45156,105.2
599684,939,240.0,1767,1.45493,105.2
600509,940,395.0,3331,1.45909,105.1
601383,941,860.0,3511,1.45627,105.1
602325,942,635.0,3801,1.4414,105.2
603146,943,230.0,3311,1.44494,105.2
604042,944,455.0,3625,1.42318,105.2
605007,945,455.0,3899,1.41279,105.2
605880,946,475.0,3513,1.43152,105.2
606609,947,400.0,2943,1.42217,105.2
607159,948,360.0,2225,1.41711,105.2
607757,949,255.0,2403,1.42082,105.3
608310,950,280.0,2225,1.42592,105.3
608811,951,220.0,2045,1.42629,105.3
609641,952,570.0,3341,1.40622,105.3
610309,953,375.0,2711,1.407,105.3
610905,954,215.0,2421,1.41678,105.3
611614,955,295.0,2839,1.41069,105.3
612561,956,430.0,3809,1.41332,105.3
613231,957,305.0,2711,1.41871,105.3
614296,958,585.0,4291,1.41786,105.4
614793,959,255.0,2023,1.41156,105.4
615337,960,500.0,2193,1.41681,105.4
615912,961,425.0,2331,1.42627,105.4
617022,962,455.0,4477,1.42335,105.4
617708,963,280.0,2753,1.42435,105.4
618690,964,375.0,3966,1.42425,105.4
619496,965,325.0,3243,1.41852,105.4
620212,966,305.0,2885,1.41061,105.4
621276,967,645.0,4285,1.40475,105.5
622249,968,410.0,3923,1.41644,105.5
623004,969,280.0,3049,1.42905,105.5
623685,970,290.0,2753,1.4276,105.5
624393,971,260.0,2851,1.4305,105.5
625708,972,745.0,5290,1.42678,105.5
626398,973,240.0,2789,1.41444,105.5
627255,974,315.0,3467,1.40808,105.5
628249,975,435.0,3991,1.40885,105.6
628784,976,230.0,2179,1.40337,105.6
629598,977,275.0,3273,1.40959,105.6
630318,978,335.0,2919,1.40684,105.6
631087,979,325.0,3109,1.39735,105.6
631759,980,275.0,2711,1.39583,105.6
632686,981,575.0,3741,1.38747,105.6
633234,982,220.0,2221,1.38789,105.6
633712,983,275.0,1925,1.38399,105.6
634767,984,610.0,4241,1.39165,105.6
635465,985,295.0,2805,1.38235,105.7
636166,986,320.0,2829,1.38653,105.7
637310,987,800.0,4617,1.40314,105.7
637784,988,180.0,1925,1.40084,105.7
638262,989,125.0,1945,1.39854,105.7
638760,990,190.0,2029,1.39579,105.7
639700,991,485.0,3775,1.39161,105.7
640207,992,135.0,2067,1.4027,105.7
641044,993,605.0,3369,1.40249,105.7
641541,994,175.0,2005,1.40821,105.7
642093,995,220.0,2233,1.413,105.7
642711,996,200.0,2489,1.4207,105.8
643419,997,275.0,2861,1.43028,105.8
644244,998,620.0,3315,1.43009,105.8
644891,999,205.0,2613,1.42709,105.8
645567,1000,135.0,2719,1.42438,105.8
646217,1001,295.0,2631,1.42763,105.8
646940,1002,325.0,2927,1.42163,105.8
647385,1003,155.0,1819,1.41864,105.8
647901,1004,180.0,2089,1.41239,105.8
648479,1005,250.0,2331,1.4071,105.8
649354,1006,355.0,3522,1.41484,105.8
649830,1007,205.0,1931,1.41179,105.8
650549,1008,290.0,2911,1.41547,105.9
651469,1009,410.0,3707,1.42338,105.9
652442,1010,365.0,3911,1.4127,105.9
652982,1011,240.0,2185,1.41079,105.9
654225,1012,545.0,4982,1.40576,105.9
655112,1013,490.0,3563,1.40815,105.9
656201,1014,545.0,4395,1.40956,105.9
656877,1015,270.0,2743,1.41982,105.9
657555,1016,340.0,2732,1.4161,105.9
658310,1017,230.0,3049,1.40832,106.0
659124,1018,620.0,3287,1.3957,106.0
659762,1019,320.0,2583,1.39026,106.0
660277,1020,180.0,2095,1.39464,106.0
660793,1021,175.0,2085,1.39859,106.0
661661,1022,475.0,3507,1.40331,106.0
662633,1023,445.0,3913,1.42306,106.0
663730,1024,475.0,4411,1.42541,106.0
664277,1025,250.0,2227,1.42649,106.0
664851,1026,245.0,2319,1.4258,106.0
666149,1027,800.0,5225,1.42838,106.1
666920,1028,430.0,3117,1.42292,106.1
668112,1029,575.0,4803,1.42546,106.1
668913,1030,430.0,3217,1.41688,106.1
669668,1031,320.0,3029,1.41131,106.1
670833,1032,550.0,4675,1.40318,106.1
671440,1033,260.0,2439,1.41851,106.1
672553,1034,885.0,4489,1.40647,106.1
673381,1035,440.0,3345,1.42003,106.2
674159,1036,360.0,3136,1.41261,106.2
674740,1037,230.0,2357,1.42019,106.2
675328,1038,205.0,2373,1.40915,106.2
676036,1039,305.0,2851,1.41621,106.2
676645,1040,230.0,2471,1.41602,106.2
677479,1041,385.0,3369,1.39636,106.2
678200,1042,315.0,2899,1.40312,106.2
678978,1043,535.0,3151,1.40203,106.2
679633,1044,365.0,2633,1.4095,106.2
680427,1045,555.0,3191,1.40653,106.2
681272,1046,295.0,3409,1.40716,106.3
681810,1047,245.0,2173,1.40182,106.3
682329,1048,175.0,2097,1.39686,106.3
683264,1049,830.0,3775,1.38244,106.3
684048,1050,320.0,3149,1.36398,106.3
684851,1051,600.0,3223,1.35643,106.3
685728,1052,430.0,3537,1.35686,106.3
686896,1053,715.0,4685,1.36153,106.3
687765,1054,275.0,3495,1.35757,106.3
688609,1055,580.0,3399,1.37608,106.3
689421,1056,335.0,3265,1.37915,106.4
689937,1057,195.0,2075,1.37072,106.4
690909,1058,655.0,3929,1.37528,106.4
691868,1059,635.0,3861,1.38341,106.4
692657,1060,310.0,3179,1.37892,106.4
693497,1061,335.0,3385,1.37546,106.4
694546,1062,490.0,4237,1.3802,106.4
695585,1063,655.0,4195,1.37333,106.4
696277,1064,325.0,2791,1.37189,106.4
697007,1065,410.0,2941,1.37962,106.5
697808,1066,670.0,3243,1.37267,106.5
698965,1067,525.0,4641,1.3657,106.5
699640,1068,320.0,2728,1.35505,106.5
700271,1069,285.0,2561,1.35656,106.5
701158,1070,490.0,3575,1.35455,106.5
702168,1071,520.0,4075,1.34463,106.5
703017,1072,400.0,3421,1.34868,106.6
703988,1073,455.0,3905,1.35609,106.6
705092,1074,485.0,4433,1.34929,106.6
705737,1075,335.0,2621,1.35027,106.6
706472,1076,305.0,2963,1.34779,106.6
707781,1077,605.0,5259,1.35187,106.6
708481,1078,335.0,2839,1.36316,106.6
709357,1079,645.0,3535,1.37811,106.6
710007,1080,265.0,2635,1.37618,106.6
710593,1081,310.0,2375,1.36722,106.6
711292,1082,340.0,2817,1.37253,106.7
712425,1083,575.0,4559,1.36573,106.7
713117,1084,435.0,2801,1.36042,106.7
713777,1085,305.0,2675,1.35935,106.7
714933,1086,600.0,4635,1.35157,106.7
715802,1087,755.0,3511,1.34421,106.7
716963,1088,600.0,4675,1.34395,106.7
717656,1089,310.0,2797,1.3466,106.7
718265,1090,380.0,2459,1.34137,106.7
719305,1091,605.0,4185,1.34017,106.8
720226,1092,365.0,3719,1.33553,106.8
720744,1093,205.0,2097,1.33052,106.8
721665,1094,570.0,3701,1.32136,106.8
722539,1095,410.0,3515,1.33379,106.8
723452,1096,480.0,3673,1.33664,106.8
724637,1097,600.0,4773,1.34326,106.8
725819,1098,745.0,4749,1.3435,106.9
726532,1099,270.0,2881,1.34033,106.9
727524,1100,410.0,4001,1.34147,106.9
728404,1101,635.0,3561,1.34626,106.9
729250,1102,790.0,3413,1.34942,106.9
729876,1103,360.0,2537,1.33731,106.9
730713,1104,430.0,3371,1.3428,106.9
731611,1105,625.0,3613,1.34468,106.9
732607,1106,485.0,4013,1.34706,106.9
733267,1107,395.0,2659,1.347,107.0
734216,1108,455.0,3825,1.35896,107.0
735077,1109,620.0,3463,1.36015,107.0
736148,1110,600.0,4297,1.36414,107.0
737098,1111,345.0,3817,1.35545,107.0
737475,1112,145.0,1533,1.36194,107.0
738193,1113,335.0,2895,1.35952,107.0
738686,1114,135.0,2001,1.35679,107.0
739182,1115,130.0,1995,1.35153,107.0
739896,1116,425.0,2895,1.35607,107.0
740646,1117,180.0,3017,1.35265,107.0
741120,1118,185.0,1931,1.35364,107.1
741868,1119,395.0,3007,1.36693,107.1
742652,1120,340.0,3148,1.36758,107.1
743161,1121,200.0,2077,1.36253,107.1
743812,1122,500.0,2641,1.36354,107.1
744387,1123,270.0,2321,1.36233,107.1
745263,1124,475.0,3527,1.36833,107.1
746384,1125,545.0,4509,1.36804,107.1
746920,1126,220.0,2181,1.3725,107.1
747754,1127,445.0,3359,1.37616,107.1
748267,1128,170.0,2089,1.37783,107.1
748968,1129,225.0,2825,1.37601,107.1
750075,1130,600.0,4435,1.36416,107.1
751036,1131,670.0,3875,1.3614,107.2
751539,1132,175.0,2023,1.35762,107.2
752357,1133,425.0,3285,1.35694,107.2
753199,1134,325.0,3391,1.35914,107.2
754079,1135,345.0,3545,1.35878,107.2
754479,1136,135.0,1613,1.35802,107.2
755208,1137,400.0,2937,1.3589,107.2
756029,1138,700.0,3325,1.36725,107.2
756817,1139,430.0,3165,1.37219,107.2
757479,1140,185.0,2659,1.38314,107.2
758344,1141,335.0,3485,1.38412,107.2
759043,1142,335.0,2807,1.39405,107.2
759491,1143,130.0,1809,1.40251,107.2
760324,1144,470.0,3357,1.39571,107.2
760635,1145,80.0,1261,1.3952,107.2
761108,1146,175.0,1913,1.4032,107.2
761813,1147,345.0,2853,1.40034,107.3
762670,1148,580.0,3441,1.39063,107.3
763380,1149,300.0,2865,1.39013,107.3
764236,1150,420.0,3459,1.3739,107.3
765402,1151,950.0,4687,1.38678,107.3
765883,1152,220.0,1951,1.38587,107.3
766652,1153,310.0,3109,1.39098,107.3
767302,1154,315.0,2615,1.39451,107.3
767666,1155,180.0,1479,1.39121,107.3
768500,1156,345.0,3367,1.39627,107.3
769216,1157,345.0,2885,1.38423,107.3
769613,1158,100.0,1621,1.3888,107.3
770656,1159,580.0,4211,1.38098,107.3
771385,1160,345.0,2949,1.36889,107.3
772117,1161,340.0,2949,1.37161,107.4
772804,1162,470.0,2773,1.36426,107.4
773430,1163,250.0,2529,1.37614,107.4
773988,1164,190.0,2255,1.38125,107.4
774483,1165,185.0,2001,1.38514,107.4
775319,1166,845.0,3361,1.39904,107.4
775916,1167,260.0,2429,1.40119,107.4
776359,1168,220.0,1805,1.40082,107.4
776782,1169,185.0,1713,1.40708,107.4
777100,1170,100.0,1307,1.40714,107.4
777946,1171,530.0,3423,1.40342,107.4
778447,1172,185.0,2023,1.40285,107.4
779134,1173,390.0,2761,1.40084,107.4
779490,1174,130.0,1453,1.39937,107.4
780081,1175,320.0,2387,1.40026,107.4
780586,1176,190.0,2033,1.39939,107.4
781647,1177,605.0,4281,1.39983,107.4
782481,1178,625.0,3357,1.39287,107.4
783512,1179,600.0,4151,1.39618,107.5
784245,1180,615.0,2961,1.39017,107.5
784631,1181,110.0,1573,1.3959,107.5
785040,1182,85.0,1675,1.39736,107.5
785742,1183,560.0,2839,1.38869,107.5
786151,1184,155.0,1671,1.38553,107.5
786853,1185,415.0,2827,1.38536,107.5
787462,1186,315.0,2459,1.38432,107.5
788248,1187,440.0,3175,1.39566,107.5
789023,1188,415.0,3133,1.38876,107.5
789629,1189,375.0,2461,1.38601,107.5
790655,1190,780.0,4139,1.39299,107.5
791662,1191,720.0,4047,1.38973,107.5
792128,1192,190.0,1889,1.38266,107.5
793079,1193,725.0,3837,1.38165,107.5
793512,1194,160.0,1755,1.38146,107.5
794363,1195,295.0,3417,1.37273,107.5
795212,1196,470.0,3431,1.37696,107.5
795675,1197,130.0,1877,1.37755,107.6
796396,1198,265.0,2909,1.374,107.6
796806,1199,90.0,1669,1.37897,107.6
797428,1200,265.0,2501,1.38016,107.6
798006,1201,360.0,2329,1.37783,107.6
798855,1202,395.0,3429,1.3723,107.6
799373,1203,230.0,2107,1.37776,107.6
800020,1204,340.0,2622,1.37375,107.5
801073,1205,545.0,4239,1.37198,107.5
801456,1206,105.0,1559,1.36961,107.5
801930,1207,195.0,1935,1.36895,107.6
802547,1208,320.0,2483,1.36502,107.6
803373,1209,345.0,3341,1.35698,107.6
804003,1210,310.0,2549,1.35883,107.6
804472,1211,185.0,1901,1.34888,107.6
805055,1212,340.0,2371,1.36038,107.6
805538,1213,180.0,1943,1.36414,107.6
806242,1214,445.0,2851,1.36709,107.6
807091,1215,345.0,3411,1.3748,107.6
808226,1216,745.0,4573,1.37467,107.6
808997,1217,470.0,3097,1.37479,107.6
809662,1218,345.0,2668,1.35973,107.6
810307,1219,320.0,2595,1.35474,107.6
811077,1220,355.0,3093,1.34777,107.6
811769,1221,420.0,2781,1.35962,107.6
812740,1222,685.0,3917,1.34766,107.6
813597,1223,530.0,3453,1.35653,107.6
814790,1224,600.0,4801,1.36089,107.7
815381,1225,325.0,2387,1.35344,107.7
816097,1226,325.0,2893,1.35164,107.7
816966,1227,470.0,3491,1.35304,107.7
817304,1228,130.0,1393,1.35242,107.7
818234,1229,645.0,3735,1.36008,107.7
818896,1230,355.0,2679,1.36035,107.7
820076,1231,780.0,4755,1.3574,107.7
820617,1232,210.0,2183,1.35667,107.7
821442,1233,455.0,3331,1.36597,107.7
822047,1234,350.0,2445,1.368,107.7
823121,1235,600.0,4309,1.35959,107.7
824043,1236,630.0,3715,1.36152,107.7
825000,1237,600.0,3855,1.35526,107.7
826004,1238,555.0,4057,1.33366,107.7
826768,1239,655.0,3093,1.34451,107.7
827305,1240,295.0,2159,1.33868,107.8
827932,1241,345.0,2525,1.33979,107.8
828792,1242,425.0,3453,1.33273,107.8
829939,1243,500.0,4611,1.34444,107.8
830568,1244,275.0,2531,1.35545,107.8
831687,1245,495.0,4505,1.35262,107.8
832478,1246,480.0,3175,1.34925,107.8
833166,1247,430.0,2779,1.35287,107.8
833828,1248,310.0,2671,1.36007,107.8
834675,1249,425.0,3421,1.36313,107.8
835819,1250,1000.0,4591,1.36982,107.8
836615,1251,425.0,3203,1.37722,107.8
837639,1252,545.0,4109,1.36878,107.8
838825,1253,860.0,4771,1.34594,107.8
839603,1254,455.0,3121,1.35296,107.9
840409,1255,455.0,3245,1.35978,107.9
841439,1256,1005.0,4149,1.36912,107.9
842140,1257,455.0,2839,1.36786,107.9
843179,1258,455.0,4191,1.36499,107.9
844354,1259,525.0,4733,1.34986,107.9
845021,1260,430.0,2701,1.35096,107.9
845850,1261,400.0,3335,1.35806,107.9
846549,1262,350.0,2813,1.36298,107.9
847605,1263,600.0,4239,1.37218,107.9
848874,1264,775.0,5106,1.37259,107.9
850551,1265,1145.0,6739,1.35531,107.9
851760,1266,555.0,4875,1.35115,108.0
852381,1267,290.0,2523,1.34883,108.0
853422,1268,605.0,4181,1.35721,108.0
854465,1269,665.0,4213,1.35401,108.0
855484,1270,460.0,4115,1.35696,108.0
857231,1271,1065.0,7021,1.35437,108.0
858204,1272,520.0,3921,1.36064,108.0
858711,1273,240.0,2065,1.36798,108.0
859337,1274,230.0,2537,1.35967,108.0
860267,1275,540.0,3741,1.36457,108.0
860967,1276,285.0,2839,1.3665,108.0
861848,1277,480.0,3551,1.37933,108.0
862643,1278,390.0,3201,1.37373,108.0
863708,1279,700.0,4281,1.38043,108.0
864597,1280,770.0,3564,1.38587,108.1
865549,1281,770.0,3837,1.37658,108.1
866559,1282,680.0,4065,1.38286,108.1
867357,1283,655.0,3205,1.38526,108.1
868706,1284,1110.0,5423,1.38033,108.1
869627,1285,490.0,3715,1.37835,108.1
870547,1286,665.0,3719,1.37554,108.1
871107,1287,230.0,2251,1.3719,108.1
871857,1288,480.0,3017,1.36956,108.1
872835,1289,600.0,3929,1.37259,108.1
873747,1290,600.0,3661,1.36389,108.1
874734,1291,490.0,3961,1.36284,108.1
875678,1292,680.0,3789,1.37348,108.1
876379,1293,400.0,2827,1.37355,108.1
877339,1294,570.0,3860,1.37186,108.2
878558,1295,600.0,4905,1.37629,108.2
879462,1296,600.0,3629,1.35627,108.2
880158,1297,410.0,2809,1.35259,108.2
881283,1298,525.0,4513,1.37274,108.2
882299,1299,860.0,4077,1.37262,108.2
883512,1300,605.0,4867,1.39407,108.2
884425,1301,575.0,3693,1.37587,108.2
885172,1302,395.0,3023,1.3693,108.2
885951,1303,550.0,3141,1.37011,108.2
887045,1304,630.0,4403,1.3804,108.2
888024,1305,510.0,3937,1.40145,108.2
888531,1306,295.0,2041,1.39507,108.2
889629,1307,575.0,4417,1.40329,108.2
890472,1308,685.0,3389,1.40651,108.3
891210,1309,450.0,2973,1.40629,108.3
892243,1310,520.0,4157,1.38822,108.3
893086,1311,575.0,3395,1.39437,108.3
894089,1312,575.0,4045,1.3973,108.3
894973,1313,720.0,3563,1.38582,108.3
895711,1314,350.0,2973,1.39835,108.3
896782,1315,800.0,4303,1.39702,108.3
897623,1316,475.0,3375,1.38494,108.3
898403,1317,515.0,3133,1.38448,108.3
899937,1318,885.0,6167,1.36874,108.3
900859,1319,530.0,3709,1.39714,108.3
901785,1320,610.0,3731,1.40769,108.3
902825,1321,545.0,4171,1.41354,108.3
903773,1322,720.0,3817,1.42702,108.3
904397,1323,305.0,2525,1.41975,108.3
905310,1324,665.0,3679,1.41044,108.3
906007,1325,375.0,2821,1.41568,108.3
906980,1326,575.0,3907,1.4154,108.3
907612,1327,315.0,2545,1.39347,108.3
908336,1328,395.0,2909,1.39276,108.3
908985,1329,595.0,2625,1.39161,108.3
910189,1330,800.0,4847,1.37487,108.3
910970,1331,675.0,3145,1.3595,108.3
911557,1332,270.0,2363,1.36763,108.4
912349,1333,570.0,3192,1.38614,108.4
913207,1334,755.0,3443,1.40778,108.4
914054,1335,485.0,3419,1.41245,108.4
914877,1336,650.0,3305,1.42224,108.4
915584,1337,650.0,2833,1.42438,108.4
916221,1338,380.0,2579,1.40691,108.4
916795,1339,315.0,2335,1.40172,108.4
917907,1340,525.0,4471,1.39535,108.4
919043,1341,500.0,4583,1.39133,108.4
920064,1342,945.0,4103,1.39653,108.5
921016,1343,545.0,3837,1.39475,108.5
921691,1344,350.0,2735,1.38908,108.5
922299,1345,305.0,2459,1.39603,108.5
923050,1346,690.0,3025,1.40387,108.5
924086,1347,550.0,4167,1.40259,108.5
925213,1348,775.0,4537,1.40179,108.6
926895,1349,1115.0,6741,1.38291,108.6
928033,1350,805.0,4567,1.38022,108.6
929018,1351,525.0,3981,1.38574,108.6
929711,1352,365.0,2803,1.38285,108.7
930532,1353,450.0,3301,1.38712,108.7
931626,1354,545.0,4392,1.39553,108.7
933561,1355,1335.0,7769,1.39789,108.7
934254,1356,335.0,2793,1.39701,108.7
935669,1357,670.0,5681,1.38872,108.8
936675,1358,490.0,4041,1.38091,108.8
937376,1359,350.0,2841,1.37971,108.8
938990,1360,955.0,6468,1.38632,108.8
940455,1361,1085.0,5901,1.39468,108.9
941354,1362,570.0,3636,1.40535,108.9
942329,1363,655.0,3933,1.39865,108.9
943164,1364,655.0,3345,1.3951,108.9
944005,1365,545.0,3377,1.39822,108.9
944732,1366,420.0,2941,1.39819,108.9
945578,1367,605.0,3417,1.3997,108.9
946993,1368,670.0,5693,1.39778,108.9
947861,1369,600.0,3513,1.39841,109.0
949002,1370,695.0,4593,1.40044,109.0
950066,1371,600.0,4295,1.38411,109.0
950787,1372,415.0,2911,1.37213,109.0
951582,1373,565.0,3190,1.36902,109.0
952642,1374,600.0,4259,1.34989,109.0
953110,1375,215.0,1903,1.33934,109.0
954267,1376,635.0,4667,1.35421,109.0
955448,1377,605.0,4763,1.3676,109.0
956582,1378,545.0,4567,1.39167,109.0
957551,1379,555.0,3903,1.41444,109.0
958489,1380,545.0,3756,1.41348,109.0
959911,1381,1025.0,5711,1.40487,109.0
960769,1382,520.0,3465,1.39157,109.1
961633,1383,500.0,3495,1.38672,109.1
962335,1384,450.0,2835,1.37847,109.1
963244,1385,540.0,3653,1.37872,109.1
964335,1386,570.0,4395,1.3778,109.1
965412,1387,520.0,4343,1.36991,109.1
966528,1388,600.0,4489,1.37863,109.1
967055,1389,295.0,2145,1.38233,109.1
967921,1390,485.0,3499,1.38231,109.1
968716,1391,450.0,3205,1.38121,109.1
969677,1392,545.0,3875,1.36544,109.1
970628,1393,580.0,3820,1.35414,109.1
971890,1394,1040.0,5087,1.33583,109.1
973440,1395,935.0,6221,1.33891,109.2
974191,1396,390.0,3009,1.35335,109.2
975239,1397,605.0,4215,1.35842,109.2
976276,1398,555.0,4177,1.3693,109.2
977407,1399,770.0,4551,1.37141,109.2
978323,1400,495.0,3695,1.36816,109.2
979421,1401,600.0,4401,1.37649,109.2
980352,1402,710.0,3763,1.38607,109.2
981796,1403,995.0,5795,1.37959,109.2
983154,1404,965.0,5473,1.37142,109.2
983997,1405,695.0,3407,1.36599,109.2
984631,1406,360.0,2549,1.37846,109.2
985669,1407,570.0,4176,1.37655,109.3
986728,1408,505.0,4251,1.37369,109.3
987857,1409,575.0,4522,1.37836,109.3
988672,1410,570.0,3289,1.37582,109.3
989929,1411,570.0,5060,1.38084,109.3
991502,1412,885.0,6321,1.39246,109.3
992530,1413,800.0,4121,1.38169,109.3
993269,1414,485.0,2995,1.3915,109.3
994440,1415,700.0,4699,1.38943,109.3
995602,1416,575.0,4671,1.3868,109.3
996479,1417,530.0,3541,1.39026,109.3
997813,1418,700.0,5373,1.39562,109.3
998839,1419,600.0,4125,1.40251,109.4
999503,1420,350.0,2675,1.4015,109.4
1000178,1421,345.0,2719,1.39311,109.3
1001145,1422,560.0,3900,1.40639,109.3
1001760,1423,425.0,2475,1.40045,109.3
1003097,1424,915.0,5379,1.39774,109.3
1004385,1425,785.0,5177,1.40482,109.3
1005549,1426,865.0,4695,1.39798,109.4
1006586,1427,755.0,4161,1.40283,109.4
1007216,1428,300.0,2535,1.41321,109.4
1008264,1429,600.0,4209,1.40275,109.4
1009480,1430,650.0,4895,1.39741,109.4
1010479,1431,600.0,4031,1.39717,109.4
1011969,1432,965.0,5995,1.41422,109.4
1013097,1433,535.0,4539,1.42394,109.4
1014127,1434,570.0,4157,1.42354,109.4
1015288,1435,650.0,4675,1.42643,109.4
1016058,1436,435.0,3105,1.42817,109.4
1017374,1437,650.0,5287,1.43858,109.4
1018581,1438,650.0,4845,1.43174,109.5
1019506,1439,605.0,3721,1.43893,109.5
1020509,1440,720.0,4049,1.43389,109.5
1021474,1441,650.0,3875,1.42501,109.5
1022451,1442,635.0,3923,1.43827,109.5
1023510,1443,570.0,4247,1.42943,109.5
1024781,1444,745.0,5099,1.44484,109.5
1025746,1445,605.0,3887,1.45095,109.5
1026647,1446,670.0,3617,1.43968,109.5
1027237,1447,380.0,2393,1.43044,109.5
1028584,1448,800.0,5415,1.42412,109.5
1029684,1449,520.0,4434,1.40911,109.5
1030677,1450,460.0,4003,1.40362,109.5
1032106,1451,730.0,5747,1.40947,109.6
1033462,1452,720.0,5455,1.40352,109.6
1034471,1453,600.0,4065,1.41327,109.6
1035704,1454,800.0,4969,1.4147,109.6
1036728,1455,1015.0,4113,1.42122,109.6
1038071,1456,575.0,5399,1.43321,109.6
1039276,1457,740.0,4839,1.43579,109.6
1039965,1458,575.0,2782,1.4348,109.6
1041167,1459,570.0,4843,1.43427,109.6
1042132,1460,640.0,3901,1.43529,109.6
1043169,1461,600.0,4173,1.43312,109.6
1044312,1462,735.0,4601,1.43748,109.6
1045497,1463,600.0,4779,1.43978,109.7
1047102,1464,915.0,6449,1.44799,109.7
1048237,1465,600.0,4571,1.43863,109.7
1049379,1466,600.0,4587,1.41921,109.7
1050809,1467,720.0,5733,1.41957,109.7
1051671,1468,495.0,3473,1.42898,109.7
1052489,1469,615.0,3295,1.43066,109.7
1054053,1470,1330.0,6283,1.43555,109.7
1054685,1471,305.0,2541,1.43279,109.7
1055605,1472,605.0,3685,1.4381,109.7
1056673,1473,515.0,4295,1.43539,109.7
1057631,1474,905.0,3861,1.43599,109.7
1058665,1475,600.0,4153,1.43608,109.7
1059593,1476,715.0,3747,1.42479,109.8
1060529,1477,430.0,3759,1.42793,109.8
1061911,1478,730.0,5561,1.44197,109.8
1063006,1479,800.0,4413,1.45251,109.8
1064212,1480,760.0,4853,1.46057,109.8
1065205,1481,600.0,3989,1.44305,109.8
1066176,1482,575.0,3911,1.44835,109.8
1067321,1483,605.0,4603,1.45459,109.8
1068141,1484,425.0,3313,1.45261,109.8
1069529,1485,635.0,5593,1.45456,109.8
1070748,1486,800.0,4915,1.43899,109.8
1071457,1487,420.0,2875,1.44044,109.8
1072423,1488,595.0,3889,1.44314,109.8
1073634,1489,600.0,4873,1.45552,109.9
1074622,1490,920.0,3983,1.45499,109.9
1075659,1491,600.0,4187,1.46031,109.9
1076682,1492,600.0,4119,1.46566,109.9
1077971,1493,610.0,5195,1.47031,109.9
1078949,1494,530.0,3937,1.48799,109.9
1080125,1495,800.0,4729,1.48107,109.9
1081616,1496,955.0,5985,1.47168,109.9
1082658,1497,500.0,4199,1.45883,109.9
1083996,1498,725.0,5379,1.45373,109.9
1085003,1499,600.0,4047,1.45581,109.9
1085988,1500,770.0,3959,1.47305,109.9
1087069,1501,605.0,4343,1.47077,110.0
1088263,1502,570.0,4805,1.45406,110.0
1089444,1503,750.0,4757,1.46425,110.0
1090288,1504,445.0,3393,1.46235,110.0
1091314,1505,575.0,4127,1.47101,110.0
1092278,1506,550.0,3889,1.4791,110.0
1093294,1507,545.0,4097,1.47449,110.1
1094339,1508,775.0,4197,1.45454,110.1
1094860,1509,295.0,2103,1.45331,110.1
1096318,1510,1075.0,5847,1.44461,110.1
1097650,1511,725.0,5359,1.43724,110.1
1098919,1512,600.0,5109,1.43396,110.1
1099995,1513,575.0,4339,1.438,110.2
1101053,1514,575.0,4246,1.44321,110.1
1101913,1515,460.0,3455,1.4274,110.1
1102538,1516,420.0,2511,1.4355,110.2
1103854,1517,665.0,5279,1.44009,110.2
1104568,1518,485.0,2881,1.43746,110.2
1105462,1519,450.0,3589,1.44321,110.2
1106425,1520,600.0,3881,1.44929,110.2
1107498,1521,600.0,4331,1.45181,110.2
1108970,1522,735.0,5917,1.4581,110.3
1110424,1523,830.0,5831,1.4508,110.3
1111463,1524,580.0,4173,1.45633,110.3
1112458,1525,600.0,3999,1.45342,110.3
1113545,1526,600.0,4361,1.43909,110.3
1114573,1527,600.0,4123,1.42807,110.4
1115824,1528,600.0,5037,1.41687,110.4
1117362,1529,980.0,6187,1.43355,110.4
1118636,1530,600.0,5127,1.43319,110.4
1119589,1531,600.0,3841,1.44065,110.4
1120675,1532,640.0,4371,1.43814,110.5
1122186,1533,860.0,6085,1.43913,110.5
1123018,1534,320.0,3359,1.44994,110.5
1124120,1535,600.0,4419,1.44945,110.5
1125905,1536,1510.0,7173,1.43977,110.5
1127032,1537,635.0,4539,1.43679,110.6
1127912,1538,600.0,3545,1.45268,110.6
1129103,1539,570.0,4776,1.46152,110.6
1129869,1540,525.0,3098,1.45832,110.6
1131026,1541,775.0,4631,1.46853,110.6
1131928,1542,525.0,3645,1.45286,110.6
1133378,1543,1205.0,5829,1.44358,110.7
1134551,1544,710.0,4723,1.44344,110.7
1135281,1545,420.0,2947,1.43851,110.7
1136581,1546,750.0,5233,1.43052,110.7
1137249,1547,355.0,2699,1.43673,110.7
1137998,1548,485.0,3021,1.43504,110.7
1138973,1549,600.0,3929,1.42788,110.7
1139687,1550,680.0,2865,1.43714,110.7
1140672,1551,600.0,3953,1.43577,110.7
1141771,1552,600.0,4419,1.42696,110.7
1142456,1553,480.0,2769,1.42062,110.7
1143760,1554,845.0,5251,1.42436,110.7
1144970,1555,810.0,4867,1.40711,110.7
1145952,1556,520.0,3947,1.4263,110.7
1147366,1557,855.0,5677,1.44136,110.7
1148515,1558,575.0,4635,1.45607,110.7
1148924,1559,195.0,1675,1.45402,110.7
1149997,1560,610.0,4331,1.44372,110.8
1150622,1561,450.0,2533,1.44023,110.8
1151348,1562,380.0,2939,1.44886,110.8
1152250,1563,465.0,3645,1.44058,110.8
1153241,1564,600.0,3973,1.45675,110.8
1154526,1565,580.0,5157,1.47473,110.8
1155212,1566,395.0,2771,1.45524,110.8
1156486,1567,935.0,5133,1.45722,110.8
1157953,1568,970.0,5887,1.45846,110.8
1158647,1569,585.0,2808,1.4601,110.8
1159653,1570,600.0,4029,1.4857,110.8
1161151,1571,820.0,6031,1.49585,110.8
1161903,1572,475.0,3023,1.49505,110.8
1162871,1573,605.0,3893,1.50272,110.8
1164223,1574,800.0,5449,1.48361,110.8
1165415,1575,695.0,4783,1.47975,110.8
1166750,1576,600.0,5371,1.48533,110.8
1167701,1577,800.0,3825,1.48875,110.8
1168869,1578,600.0,4699,1.48764,110.8
1169711,1579,530.0,3389,1.4792,110.8
1170629,1580,605.0,3697,1.46816,110.8
1171420,1581,640.0,3203,1.46644,110.8
1172678,1582,605.0,5069,1.47522,110.9
1173709,1583,600.0,4155,1.48314,110.9
1174900,1584,600.0,4777,1.48065,110.9
1175779,1585,530.0,3537,1.46978,110.9
1176916,1586,485.0,4569,1.47387,110.9
1177923,1587,615.0,4065,1.47427,110.9
1178771,1588,685.0,3431,1.46542,110.9
1179487,1589,455.0,2897,1.48908,110.9
1180621,1590,610.0,4557,1.49205,110.9
1181821,1591,605.0,4823,1.49246,111.0
1182891,1592,585.0,4295,1.49766,111.0
1183887,1593,605.0,4009,1.48797,111.0
1185410,1594,930.0,6113,1.49278,111.0
1186703,1595,825.0,5189,1.50335,111.0
1187294,1596,275.0,2395,1.4971,111.0
1188199,1597,500.0,3655,1.47095,111.0
1189312,1598,800.0,4485,1.4872,111.0
1190230,1599,540.0,3691,1.47249,111.0
1191112,1600,540.0,3541,1.46911,111.1
1191953,1601,600.0,3381,1.47023,111.1
1192899,1602,600.0,3803,1.45245,111.1
1194155,1603,800.0,5045,1.44845,111.1
1195271,1604,775.0,4477,1.46235,111.1
1196009,1605,440.0,2971,1.47736,111.1
1197079,1606,805.0,4313,1.49432,111.1
1197709,1607,495.0,2531,1.49271,111.1
1198908,1608,605.0,4807,1.49591,111.1
1199996,1609,605.0,4385,1.4928,111.1
1201031,1610,485.0,4155,1.47291,111.1
1202173,1611,605.0,4601,1.48506,111.1
1203306,1612,600.0,4557,1.46236,111.1
1204131,1613,395.0,3337,1.47106,111.2
1204880,1614,465.0,3023,1.49055,111.2
1206265,1615,735.0,5565,1.48246,111.2
1207901,1616,1105.0,6584,1.49897,111.2
1209026,1617,555.0,4517,1.48981,111.2
1210022,1618,600.0,4015,1.49186,111.2
1211492,1619,860.0,5905,1.46602,111.2
1212311,1620,710.0,3315,1.45725,111.3
1213452,1621,600.0,4597,1.45106,111.3
1214529,1622,605.0,4331,1.45599,111.3
1215724,1623,780.0,4801,1.45849,111.3
1217558,1624,1065.0,7355,1.46816,111.3
1218354,1625,425.0,3219,1.45691,111.3
1219390,1626,815.0,4181,1.44633,111.3
1220192,1627,500.0,3243,1.45849,111.4
1221695,1628,860.0,6043,1.47381,111.4
1222832,1629,580.0,4577,1.4942,111.4
1223689,1630,725.0,3455,1.50058,111.4
1224744,1631,800.0,4243,1.50232,111.4
1225935,1632,810.0,4795,1.49499,111.4
1226878,1633,600.0,3801,1.48764,111.4
1228185,1634,555.0,5266,1.47171,111.5
1229124,1635,595.0,3786,1.46318,111.5
1231157,1636,1405.0,8151,1.47137,111.5
1232205,1637,600.0,4217,1.48597,111.5
1232766,1638,325.0,2281,1.48145,111.5
1233762,1639,675.0,4017,1.47972,111.5
1235236,1640,685.0,5931,1.4691,111.5
1236370,1641,800.0,4549,1.46968,111.6
1238152,1642,875.0,7153,1.49771,111.6
1239669,1643,1100.0,6093,1.48472,111.6
1241711,1644,1070.0,8195,1.47786,111.6
1242725,1645,600.0,4087,1.463,111.6
1243878,1646,800.0,4633,1.47687,111.6
1245572,1647,830.0,6791,1.46468,111.7
1246443,1648,500.0,3499,1.46207,111.7
1247908,1649,715.0,5877,1.45994,111.7
1248920,1650,800.0,4085,1.46478,111.7
1250236,1651,600.0,5279,1.47914,111.7
1251289,1652,510.0,4229,1.48125,111.7
1252285,1653,605.0,3997,1.48799,111.8
1253316,1654,555.0,4147,1.48162,111.8
1254657,1655,685.0,5383,1.4843,111.8
1255799,1656,600.0,4585,1.48165,111.8
1257272,1657,1010.0,5929,1.48637,111.8
1258428,1658,600.0,4637,1.46476,111.8
1259202,1659,480.0,3127,1.45791,111.8
1259888,1660,470.0,2769,1.46289,111.8
1260660,1661,540.0,3116,1.463,111.9
1261422,1662,390.0,3075,1.47587,111.9
1262104,1663,585.0,2745,1.49314,111.9
1263470,1664,830.0,5493,1.51139,111.9
1265442,1665,1055.0,7909,1.51383,111.9
1266334,1666,585.0,3583,1.52091,111.9
1267148,1667,695.0,3281,1.5195,111.9
1268398,1668,600.0,5013,1.50698,111.9
1269995,1669,915.0,6403,1.49982,112.0
1272103,1670,1330.0,8445,1.52437,112.0
1273538,1671,730.0,5757,1.52574,112.0
1274701,1672,600.0,4669,1.52652,112.0
1275622,1673,795.0,3718,1.52498,112.0
1276432,1674,460.0,3271,1.50727,112.0
1277475,1675,600.0,4211,1.49768,112.1
1278249,1676,540.0,3132,1.49327,112.1
1279667,1677,980.0,5705,1.47041,112.1
1280474,1678,485.0,3245,1.4787,112.1
1281299,1679,605.0,3305,1.49213,112.1
1282281,1680,600.0,3959,1.52025,112.1
1283041,1681,500.0,3061,1.53136,112.1
1283860,1682,480.0,3301,1.52208,112.1
1284213,1683,165.0,1423,1.52805,112.1
1285010,1684,665.0,3201,1.51934,112.1
1285960,1685,570.0,3817,1.5032,112.2
1286836,1686,575.0,3541,1.50069,112.2
1287627,1687,480.0,3195,1.49638,112.2
1289349,1688,1280.0,6919,1.50269,112.2
1289841,1689,225.0,1985,1.50659,112.2
1291475,1690,1225.0,6565,1.49646,112.2
1292361,1691,600.0,3573,1.49947,112.2
1293284,1692,610.0,3727,1.49449,112.2
1294341,1693,595.0,4261,1.49172,112.3
1295539,1694,825.0,4823,1.49574,112.3
1296563,1695,470.0,4125,1.48508,112.3
1298261,1696,865.0,6828,1.50814,112.3
1299055,1697,600.0,3207,1.5027,112.3
1300512,1698,845.0,5869,1.49895,112.3
1301261,1699,470.0,3021,1.48492,112.3
1302560,1700,815.0,5225,1.48986,112.3
1303398,1701,605.0,3373,1.50687,112.3
1304439,1702,605.0,4201,1.5072,112.3
1305241,1703,475.0,3225,1.49943,112.3
1306805,1704,840.0,6273,1.5041,112.4
1307938,1705,1000.0,4541,1.49163,112.4
1309084,1706,510.0,4613,1.48579,112.4
1310777,1707,955.0,6809,1.49404,112.4
1311766,1708,555.0,3991,1.48653,112.4
1312782,1709,600.0,4085,1.48742,112.4
1313544,1710,545.0,3081,1.4858,112.4
1314357,1711,525.0,3279,1.48924,112.4
1315418,1712,570.0,4267,1.48747,112.5
1316876,1713,890.0,5857,1.50755,112.5
1317653,1714,480.0,3131,1.49653,112.5
1319042,1715,815.0,5571,1.51906,112.5
1320458,1716,1095.0,5681,1.5018,112.5
1322096,1717,985.0,6569,1.50412,112.5
1322889,1718,370.0,3209,1.51346,112.5
1323922,1719,1000.0,4165,1.51705,112.6
1324861,1720,545.0,3779,1.52106,112.6
1326251,1721,860.0,5587,1.53609,112.6
1327317,1722,810.0,4285,1.52776,112.6
1328030,1723,700.0,2887,1.51987,112.6
1329053,1724,800.0,4131,1.50969,112.6
1330573,1725,960.0,6117,1.51434,112.6
1331895,1726,1035.0,5319,1.52808,112.6
1333530,1727,935.0,6554,1.55001,112.7
1334326,1728,470.0,3197,1.54924,112.7
1335462,1729,1005.0,4567,1.52837,112.7
1336812,1730,755.0,5435,1.52236,112.7
1337331,1731,320.0,2097,1.52937,112.7
1338536,1732,600.0,4855,1.52607,112.7
1339571,1733,580.0,4167,1.53711,112.7
1340282,1734,465.0,2865,1.52927,112.7
1341352,1735,600.0,4301,1.53739,112.7
1342809,1736,1030.0,5849,1.53005,112.8
1343545,1737,430.0,2981,1.52284,112.8
1344665,1738,570.0,4515,1.51926,112.8
1345447,1739,455.0,3165,1.51813,112.8
1346449,1740,750.0,4018,1.51849,112.8
1347278,1741,555.0,3337,1.53175,112.8
1348768,1742,930.0,5971,1.53593,112.8
1349603,1743,450.0,3353,1.52655,112.8
1350618,1744,600.0,4069,1.51668,112.8
1351591,1745,600.0,3915,1.51895,112.8
1352649,1746,810.0,4265,1.51177,112.8
1353536,1747,515.0,3579,1.52706,112.8
1355074,1748,775.0,6175,1.52257,112.8
1355941,1749,695.0,3499,1.52032,112.8
1356578,1750,320.0,2573,1.5093,112.8
1358192,1751,1200.0,6486,1.50228,112.8
1358777,1752,425.0,2373,1.50703,112.8
1359734,1753,610.0,3845,1.51387,112.8
1360854,1754,570.0,4499,1.52825,112.8
1362061,1755,555.0,4851,1.53121,112.8
1363004,1756,555.0,3792,1.52017,112.8
1363895,1757,475.0,3593,1.51524,112.8
1365027,1758,745.0,4553,1.5035,112.8
1366242,1759,600.0,4871,1.50039,112.9
1367088,1760,460.0,3415,1.50983,112.9
1368229,1761,600.0,4605,1.51489,112.9
1369978,1762,1070.0,7027,1.52215,112.9
1371852,1763,1110.0,7515,1.50854,112.9
1372839,1764,510.0,3981,1.47871,112.9
1373706,1765,425.0,3497,1.4682,112.9
1375535,1766,1135.0,7341,1.49459,112.9
1377159,1767,1010.0,6509,1.51301,112.9
1378408,1768,740.0,5027,1.51525,112.9
1379297,1769,510.0,3597,1.50867,112.9
1381227,1770,1080.0,7748,1.52133,112.9
1382118,1771,510.0,3587,1.5137,112.9
1383149,1772,580.0,4137,1.52646,112.9
1384288,1773,775.0,4579,1.51972,112.9
1385892,1774,970.0,6446,1.51839,112.9
1386925,1775,600.0,4139,1.52162,112.9
1387845,1776,595.0,3711,1.52005,112.9
1388875,1777,555.0,4135,1.51983,112.9
1390832,1778,1325.0,7859,1.48686,112.9
1391916,1779,610.0,4353,1.47707,112.9
1393144,1780,610.0,4939,1.48988,112.9
1393879,1781,455.0,2951,1.4847,112.9
1395161,1782,710.0,5169,1.49918,112.9
1396836,1783,960.0,6731,1.50756,112.9
1398044,1784,575.0,4859,1.51043,113.0
1398909,1785,615.0,3465,1.50788,113.0
1399863,1786,460.0,3847,1.49613,113.0
1401228,1787,735.0,5475,1.49417,112.9
1403129,1788,1120.0,7635,1.48584,112.9
1404304,1789,680.0,4711,1.51026,112.9
1405073,1790,500.0,3089,1.50736,112.9
1406236,1791,575.0,4660,1.51917,112.9
1407423,1792,860.0,4775,1.54426,112.9
1408948,1793,1015.0,6129,1.54237,112.9
1410342,1794,860.0,5615,1.5482,113.0
1411371,1795,510.0,4135,1.53577,113.0
1411926,1796,385.0,2253,1.54134,113.0
1412821,1797,500.0,3601,1.54955,113.0
1413734,1798,755.0,3678,1.55527,113.0
1415272,1799,1165.0,6181,1.54217,113.0
1416714,1800,1205.0,5793,1.52275,113.0
1417686,1801,600.0,3921,1.51784,113.0
1418388,1802,410.0,2831,1.52143,113.0
1419472,1803,740.0,4371,1.52125,113.0
1421154,1804,1070.0,6745,1.54479,113.0
1422624,1805,810.0,5919,1.54339,113.0
1423643,1806,485.0,4111,1.54922,113.0
1424762,1807,975.0,4481,1.53052,113.0
1425197,1808,205.0,1765,1.51839,113.0
1426398,1809,755.0,4825,1.51818,113.0
1427935,1810,1105.0,6175,1.50978,113.0
1429318,1811,1255.0,5561,1.54407,113.0
1430098,1812,615.0,3145,1.53189,113.0
1431179,1813,500.0,4343,1.52935,113.0
1432581,1814,910.0,5623,1.51654,113.0
1434141,1815,1040.0,6264,1.52309,113.0
1435030,1816,500.0,3579,1.52107,113.0
1436604,1817,975.0,6335,1.51323,113.0
1437680,1818,600.0,4323,1.52353,113.0
1438848,1819,605.0,4689,1.53426,113.0
1439868,1820,540.0,4086,1.54157,113.0
1440741,1821,515.0,3503,1.53049,113.0
1442164,1822,1100.0,5723,1.51307,113.0
1443156,1823,555.0,3977,1.51457,113.0
1444179,1824,615.0,4117,1.51965,113.0
1445620,1825,1015.0,5797,1.51682,113.0
1446720,1826,600.0,4433,1.52015,113.1
1448057,1827,1050.0,5361,1.52161,113.1
1449173,1828,605.0,4479,1.53048,113.1
1450634,1829,870.0,5873,1.5257,113.1
1452511,1830,1210.0,7530,1.51824,113.1
1453686,1831,745.0,4723,1.51115,113.1
1455317,1832,1140.0,6541,1.52632,113.1
1457156,1833,1030.0,7373,1.55231,113.1
1459156,1834,1285.0,8023,1.57012,113.1
1460352,1835,605.0,4797,1.53048,113.1
1461203,1836,500.0,3427,1.52301,113.1
1462967,1837,1150.0,7091,1.52599,113.1
1464589,1838,1150.0,6517,1.53494,113.1
1466178,1839,910.0,6383,1.5335,113.1
1467347,1840,685.0,4703,1.5065,113.1
1468595,1841,730.0,5013,1.52141,113.1
1469378,1842,520.0,3157,1.527,113.1
1470517,1843,600.0,4579,1.52542,113.1
1471560,1844,805.0,4205,1.53453,113.1
1472579,1845,580.0,4101,1.52474,113.1
1473481,1846,500.0,3633,1.5119,113.1
1475046,1847,995.0,6276,1.51239,113.1
1476184,1848,600.0,4563,1.53108,113.1
1477240,1849,610.0,4247,1.5409,113.1
1478268,1850,600.0,4143,1.52804,113.1
1478978,1851,600.0,2849,1.52868,113.1
1480178,1852,600.0,4823,1.50316,113.1
1481619,1853,1010.0,5788,1.49003,113.1
1482590,1854,600.0,3907,1.49218,113.1
1484113,1855,1015.0,6111,1.49618,113.1
1484754,1856,470.0,2593,1.51572,113.2
1485593,1857,605.0,3361,1.51428,113.2
1486465,1858,600.0,3527,1.53702,113.2
1487943,1859,940.0,5943,1.52892,113.2
1488848,1860,765.0,3649,1.51935,113.2
1490279,1861,1085.0,5763,1.5078,113.2
1491280,1862,780.0,4029,1.51802,113.2
1492926,1863,885.0,6617,1.52171,113.2
1494558,1864,1505.0,6545,1.50049,113.2
1496122,1865,990.0,6290,1.48147,113.2
1497220,1866,600.0,4409,1.50091,113.2
1498269,1867,745.0,4233,1.52543,113.2
1499232,1868,600.0,3867,1.5299,113.2
1500364,1869,575.0,4545,1.55145,113.1
1501849,1870,890.0,5951,1.54601,113.1
1503559,1871,1175.0,6862,1.53808,113.2
1504570,1872,590.0,4079,1.53126,113.2
1505861,1873,800.0,5199,1.55337,113.2
1506930,1874,595.0,4289,1.56652,113.2
1508617,1875,1055.0,6789,1.56352,113.2
1510413,1876,1230.0,7201,1.53516,113.2
1511272,1877,605.0,3451,1.54228,113.2
1512336,1878,605.0,4293,1.5357,113.2
1513081,1879,465.0,2995,1.53449,113.2
1513950,1880,555.0,3513,1.54293,113.2
1515463,1881,865.0,6083,1.53463,113.2
1517060,1882,1545.0,6399,1.51884,113.2
1518524,1883,1040.0,5867,1.51023,113.2
1519827,1884,870.0,5243,1.52459,113.2
1520716,1885,600.0,3565,1.50643,113.2
1521553,1886,575.0,3365,1.51275,113.2
1522573,1887,805.0,4085,1.49788,113.2
1524325,1888,1195.0,7023,1.50896,113.3
1525778,1889,805.0,5847,1.52506,113.3
1526943,1890,600.0,4679,1.52294,113.3
1528447,1891,960.0,6034,1.51936,113.3
1530112,1892,1200.0,6687,1.52405,113.3
1531638,1893,925.0,6129,1.51291,113.3
1532757,1894,700.0,4499,1.50288,113.3
1533945,1895,775.0,4785,1.50446,113.3
1534749,1896,865.0,3233,1.51784,113.3
1535610,1897,610.0,3469,1.53046,113.3
1536533,1898,575.0,3728,1.52806,113.3
1537273,1899,465.0,2987,1.5227,113.3
1538833,1900,850.0,6259,1.50205,113.4
1539502,1901,480.0,2705,1.49085,113.4
1540961,1902,900.0,5875,1.52423,113.4
1541725,1903,660.0,3071,1.55071,113.4
1542940,1904,805.0,4883,1.55923,113.4
1543662,1905,470.0,2905,1.55629,113.4
1544351,1906,470.0,2769,1.53479,113.4
1545768,1907,940.0,5689,1.53077,113.4
1546591,1908,490.0,3311,1.52813,113.4
1547583,1909,575.0,4009,1.5293,113.4
1548177,1910,470.0,2401,1.53215,113.4
1549160,1911,800.0,3953,1.53976,113.4
1550056,1912,695.0,3615,1.5287,113.4
1551356,1913,830.0,5231,1.52949,113.4
1552472,1914,520.0,4491,1.53269,113.4
1553435,1915,600.0,3863,1.52461,113.5
1555209,1916,1730.0,7123,1.53762,113.5
1556748,1917,835.0,6177,1.52723,113.5
1557650,1918,515.0,3633,1.51209,113.5
1559185,1919,1085.0,6171,1.49868,113.5
1560504,1920,575.0,5295,1.52143,113.5
1562151,1921,935.0,6621,1.54141,113.5
1563149,1922,600.0,4023,1.55581,113.5
1564452,1923,950.0,5249,1.54704,113.6
1565857,1924,1065.0,5637,1.54163,113.6
1567302,1925,1255.0,5805,1.50821,113.6
1568702,1926,1235.0,5637,1.50285,113.6
1569791,1927,605.0,4393,1.51226,113.6
1571006,1928,600.0,4877,1.52927,113.6
1571863,1929,630.0,3453,1.53709,113.6
1573257,1930,795.0,5603,1.52536,113.6
1575137,1931,1200.0,7553,1.48988,113.6
1577069,1932,1305.0,7749,1.49025,113.7
1578944,1933,1020.0,7533,1.51144,113.7
1579555,1934,400.0,2459,1.53266,113.7
1581342,1935,1085.0,7163,1.52548,113.7
1582440,1936,575.0,4413,1.51537,113.7
1583419,1937,605.0,3955,1.4931,113.7
1584507,1938,800.0,4381,1.49461,113.7
1585523,1939,730.0,4093,1.50715,113.7
1587158,1940,1220.0,6555,1.52725,113.7
1588641,1941,1085.0,5955,1.53126,113.8
1589682,1942,615.0,4187,1.54191,113.8
1590703,1943,600.0,4117,1.53615,113.8
1592500,1944,1635.0,7211,1.52348,113.8
1593835,1945,845.0,5353,1.51968,113.8
1594862,1946,775.0,4145,1.52469,113.8
1596262,1947,905.0,5615,1.52325,113.8
1598046,1948,1520.0,7157,1.51171,113.8
1600133,1949,1280.0,8371,1.5288,113.8
1601255,1950,600.0,4525,1.54586,113.8
1602280,1951,600.0,4117,1.54555,113.8
1603702,1952,845.0,5699,1.54778,113.9
1604493,1953,455.0,3185,1.53622,113.9
1605729,1954,740.0,4985,1.53884,113.9
1606890,1955,775.0,4656,1.55677,113.9
1607777,1956,600.0,3569,1.55833,113.9
1609180,1957,885.0,5629,1.56357,113.9
1611191,1958,1680.0,8059,1.53376,113.9
1612621,1959,985.0,5751,1.53015,113.9
1613494,1960,575.0,3507,1.52374,113.9
1615104,1961,1195.0,6464,1.53254,114.0
1616227,1962,665.0,4527,1.555,114.0
1617922,1963,1190.0,6791,1.56404,114.0
1619346,1964,780.0,5723,1.54357,114.0
1620408,1965,800.0,4261,1.54047,114.0
1621229,1966,605.0,3307,1.54415,114.0
1622315,1967,800.0,4361,1.54291,114.0
1623920,1968,875.0,6437,1.53905,114.0
1626101,1969,1230.0,8759,1.56461,114.0
1627881,1970,1260.0,7143,1.57513,114.1
1628987,1971,605.0,4435,1.56791,114.1
1630312,1972,800.0,5315,1.56683,114.1
1631394,1973,560.0,4367,1.55247,114.1
1632031,1974,355.0,2569,1.55568,114.1
1632630,1975,535.0,2400,1.54454,114.1
1634508,1976,1440.0,7531,1.52426,114.1
1635710,1977,580.0,4831,1.54319,114.1
1637259,1978,1160.0,6216,1.54429,114.1
1639070,1979,1105.0,7267,1.52661,114.2
1639979,1980,600.0,3657,1.52474,114.2
1641693,1981,1135.0,6891,1.51585,114.2
1643585,1982,1230.0,7579,1.52216,114.2
1644700,1983,605.0,4485,1.52646,114.2
1646364,1984,885.0,6673,1.52688,114.2
1647956,1985,950.0,6381,1.5348,114.2
1648936,1986,575.0,3951,1.54455,114.2
1650617,1987,935.0,6746,1.54247,114.2
1651663,1988,600.0,4211,1.53908,114.3
1652830,1989,645.0,4693,1.53306,114.3
1654539,1990,1345.0,6858,1.53687,114.3
1655794,1991,765.0,5039,1.53229,114.3
1657311,1992,1160.0,6079,1.52553,114.3
1658952,1993,1130.0,6599,1.53245,114.3
1659937,1994,600.0,3955,1.53281,114.3
1661459,1995,945.0,6129,1.5266,114.3
1663073,1996,1370.0,6487,1.50628,114.3
1663822,1997,540.0,3002,1.50731,114.4
1664500,1998,385.0,2725,1.51289,114.4
1666131,1999,900.0,6559,1.50951,114.4
1667396,2000,675.0,5095,1.52538,114.4
1668759,2001,920.0,5476,1.51839,114.4
1669895,2002,975.0,4561,1.52544,114.4
1671630,2003,1180.0,6969,1.51796,114.4
1673610,2004,1230.0,7953,1.50383,114.4
1674209,2005,470.0,2417,1.51968,114.4
1675673,2006,795.0,5893,1.52148,114.5
1676503,2007,610.0,3329,1.51164,114.5
1677567,2008,695.0,4273,1.52949,114.5
1678774,2009,685.0,4851,1.54575,114.5
1679931,2010,600.0,4645,1.54431,114.5
1681007,2011,600.0,4329,1.54431,114.5
1681909,2012,615.0,3643,1.52527,114.5
1682973,2013,805.0,4295,1.5084,114.5
1684370,2014,1090.0,5599,1.51563,114.5
1686021,2015,1025.0,6623,1.50468,114.5
1688518,2016,2035.0,10011,1.48961,114.5
1689948,2017,930.0,5745,1.51685,114.6
1690902,2018,610.0,3837,1.52657,114.6
1692268,2019,1040.0,5505,1.54488,114.6
1693670,2020,1060.0,5647,1.52625,114.6
1694676,2021,800.0,4059,1.51208,114.6
1696160,2022,1090.0,5956,1.49884,114.6
1697736,2023,1120.0,6339,1.51673,114.6
1698684,2024,600.0,3813,1.52406,114.6
1700207,2025,1150.0,6109,1.52987,114.6
1701204,2026,630.0,4019,1.53877,114.6
1702563,2027,1010.0,5449,1.52093,114.6
1704569,2028,1315.0,8045,1.52257,114.6
1705472,2029,600.0,3637,1.48597,114.6
1706330,2030,500.0,3459,1.5042,114.6
1707355,2031,805.0,4115,1.48916,114.7
1708200,2032,600.0,3413,1.4886,114.7
1708899,2033,495.0,2801,1.49271,114.7
1709906,2034,600.0,4055,1.49688,114.7
1710909,2035,600.0,4027,1.51144,114.7
1712434,2036,1090.0,6117,1.51148,114.7
1714231,2037,1200.0,7207,1.507,114.7
1716262,2038,1540.0,8155,1.49721,114.7
1717855,2039,1125.0,6404,1.50899,114.7
1718747,2040,555.0,3607,1.52059,114.8
1719712,2041,800.0,3891,1.56198,114.8
1721200,2042,1045.0,5965,1.54437,114.8
1722661,2043,1125.0,5865,1.52985,114.8
1724069,2044,940.0,5659,1.50236,114.8
1725780,2045,1000.0,6873,1.51925,114.8
1727264,2046,985.0,5965,1.53072,114.8
1728328,2047,775.0,4293,1.53188,114.8
1729559,2048,835.0,4957,1.53587,114.8
1730407,2049,520.0,3403,1.52799,114.8
1731516,2050,600.0,4475,1.51024,114.9
1732388,2051,545.0,3505,1.51769,114.9
1733761,2052,900.0,5525,1.52902,114.9
1735128,2053,925.0,5485,1.53041,114.9
1735816,2054,480.0,2785,1.52433,114.9
1736610,2055,510.0,3187,1.50294,114.9
1737461,2056,575.0,3434,1.51728,114.9
1739017,2057,1000.0,6243,1.50956,114.9
1740553,2058,1190.0,6163,1.52173,114.9
1742133,2059,915.0,6359,1.50144,114.9
1743761,2060,890.0,6547,1.53465,115.0
1745098,2061,1005.0,5365,1.52076,115.0
1747229,2062,1490.0,8545,1.51449,115.0
1748266,2063,600.0,4153,1.51167,115.0
1749381,2064,800.0,4501,1.53626,115.0
1750208,2065,480.0,3331,1.53904,115.0
1751197,2066,610.0,3983,1.54148,115.0
1753060,2067,1110.0,7471,1.52416,115.0
1754095,2068,955.0,4175,1.50803,115.0
1755018,2069,610.0,3705,1.52818,115.1
1756450,2070,1110.0,5749,1.54298,115.1
1757283,2071,745.0,3359,1.55365,115.1
1758672,2072,885.0,5567,1.55872,115.1
1759787,2073,600.0,4469,1.56037,115.1
1761252,2074,1415.0,5901,1.5363,115.1
1762983,2075,1075.0,6964,1.52537,115.1
1764264,2076,855.0,5145,1.52633,115.1
1765640,2077,1005.0,5535,1.52161,115.1
1767227,2078,975.0,6380,1.50535,115.2
1768748,2079,990.0,6097,1.5397,115.2
1770116,2080,1010.0,5507,1.55615,115.2
1771107,2081,795.0,3987,1.54839,115.2
1772033,2082,585.0,3723,1.54438,115.2
1774133,2083,1205.0,8431,1.5217,115.2
1775332,2084,600.0,4813,1.53286,115.2
1776390,2085,600.0,4255,1.53253,115.2
1777582,2086,735.0,4781,1.5313,115.2
1779265,2087,960.0,6755,1.53486,115.3
1780756,2088,1160.0,5975,1.52454,115.3
1781486,2089,485.0,2941,1.51514,115.3
1783092,2090,1045.0,6451,1.51466,115.3
1784738,2091,1095.0,6603,1.52357,115.3
1786388,2092,1190.0,6607,1.53,115.3
1787429,2093,570.0,4169,1.54244,115.3
1789007,2094,1030.0,6333,1.55202,115.3
1789942,2095,575.0,3768,1.58032,115.3
1791465,2096,1210.0,6123,1.58566,115.3
1792277,2097,605.0,3253,1.56935,115.4
1793646,2098,1035.0,5515,1.54013,115.4
1794476,2099,615.0,3339,1.53081,115.4
1796307,2100,1205.0,7355,1.54978,115.4
1797849,2101,930.0,6183,1.56451,115.4
1798777,2102,430.0,3751,1.5425,115.4
1800501,2103,1140.0,6927,1.52735,115.4
1802389,2104,1160.0,7589,1.55339,115.4
1803378,2105,600.0,3961,1.55843,115.4
1804409,2106,605.0,4135,1.55415,115.4
1805464,2107,830.0,4249,1.55605,115.4
1807002,2108,1240.0,6165,1.54367,115.4
1807974,2109,610.0,3893,1.53978,115.4
1809603,2110,1085.0,6547,1.53855,115.5
1811611,2111,1435.0,8055,1.51382,115.5
1813095,2112,1060.0,5973,1.49758,115.5
1814369,2113,1075.0,5121,1.48664,115.5
1815914,2114,1105.0,6211,1.51229,115.5
1816869,2115,805.0,3835,1.52222,115.5
1817981,2116,600.0,4467,1.52943,115.5
1819426,2117,995.0,5791,1.55155,115.5
1820388,2118,540.0,3860,1.53641,115.5
1821269,2119,545.0,3545,1.53257,115.5
1822924,2120,1315.0,6631,1.52052,115.6
1824477,2121,1240.0,6229,1.51725,115.6
1825199,2122,710.0,2905,1.51639,115.6
1826638,2123,1110.0,5793,1.50655,115.6
1827971,2124,995.0,5363,1.5169,115.6
1828810,2125,660.0,3381,1.52103,115.6
1830662,2126,1155.0,7427,1.50973,115.6
1831578,2127,605.0,3679,1.5239,115.6
1832555,2128,575.0,3921,1.51138,115.6
1833498,2129,600.0,3801,1.50393,115.6
1835199,2130,1195.0,6823,1.49227,115.7
1837760,2131,1755.0,10279,1.52024,115.7
1839703,2132,1390.0,7809,1.52367,115.7
1841483,2133,1305.0,7153,1.51889,115.7
1842484,2134,800.0,4031,1.52735,115.7
1843432,2135,550.0,3819,1.52764,115.7
1844238,2136,605.0,3257,1.5296,115.7
1845727,2137,895.0,5989,1.54475,115.7
1847211,2138,1055.0,5971,1.52293,115.8
1849213,2139,1290.0,8035,1.53043,115.8
1850678,2140,870.0,5885,1.54211,115.8
1852575,2141,1430.0,7601,1.55714,115.8
1854779,2142,1320.0,8855,1.55721,115.8
1856369,2143,1140.0,6391,1.54542,115.8
1857019,2144,480.0,2609,1.52043,115.8
1858001,2145,810.0,3941,1.5233,115.8
1859933,2146,1320.0,7767,1.50205,115.8
1861302,2147,1005.0,5509,1.48253,115.9
1862436,2148,545.0,4557,1.49976,115.9
1863963,2149,1120.0,6135,1.53177,115.9
1865629,2150,950.0,6705,1.55566,115.9
1866655,2151,545.0,4126,1.5465,115.9
1867577,2152,800.0,3701,1.52134,115.9
1869777,2153,1440.0,8815,1.54078,115.9
1870445,2154,325.0,2693,1.53435,115.9
1871420,2155,555.0,3924,1.54909,115.9
1872266,2156,600.0,3405,1.5532,115.9
1873863,2157,1020.0,6413,1.56991,116.0
1875581,2158,1605.0,6903,1.55815,116.0
1876680,2159,600.0,4417,1.54869,116.0
1877252,2160,300.0,2305,1.52299,116.0
1877954,2161,740.0,2817,1.53083,116.0
1878986,2162,1005.0,4137,1.54063,116.0
1880610,2163,1105.0,6507,1.52601,116.0
1881544,2164,570.0,3742,1.53934,116.0
1882598,2165,605.0,4237,1.54164,116.0
1884041,2166,1405.0,5791,1.56483,116.0
1885253,2167,805.0,4871,1.56532,116.0
1886150,2168,570.0,3621,1.54868,116.0
1888470,2169,1595.0,9307,1.55047,116.1
1890177,2170,1605.0,6853,1.56108,116.1
1890996,2171,485.0,3301,1.56473,116.1
1891689,2172,455.0,2795,1.57498,116.1
1892902,2173,680.0,4875,1.56838,116.1
1894221,2174,1055.0,5307,1.57142,116.1
1895836,2175,1040.0,6480,1.55441,116.1
1896871,2176,800.0,4157,1.57216,116.1
1898168,2177,960.0,5227,1.58705,116.1
1899142,2178,545.0,3915,1.58528,116.1
1900974,2179,1110.0,7343,1.58147,116.1
1901922,2180,520.0,3803,1.57824,116.1
1902881,2181,600.0,3847,1.57734,116.1
1904477,2182,935.0,6423,1.56202,116.2
1906526,2183,1205.0,8213,1.58232,116.2
1908066,2184,1175.0,6183,1.59691,116.2
1909673,2185,1085.0,6463,1.59768,116.2
1910668,2186,685.0,4011,1.57489,116.2
1912742,2187,1650.0,8327,1.54538,116.2
1914393,2188,1120.0,6635,1.53465,116.2
1915150,2189,405.0,3067,1.54467,116.2
1916505,2190,920.0,5446,1.54897,116.2
1917381,2191,610.0,3509,1.54445,116.2
1918311,2192,805.0,3747,1.55365,116.3
1919448,2193,660.0,4575,1.52956,116.3
1920664,2194,860.0,4901,1.52724,116.3
1922079,2195,975.0,5695,1.557,116.3
1923511,2196,1015.0,5747,1.56302,116.3
1924925,2197,950.0,5669,1.57108,116.3
1925933,2198,570.0,4055,1.57871,116.3
1927677,2199,1330.0,7011,1.56074,116.3
1929507,2200,1180.0,7355,1.55168,116.3
1931342,2201,1345.0,7353,1.54157,116.3
1932636,2202,885.0,5215,1.53449,116.4
1934206,2203,1095.0,6293,1.53374,116.4
1935673,2204,1100.0,5899,1.55605,116.4
1936326,2205,525.0,2625,1.54745,116.4
1937486,2206,945.0,4656,1.55861,116.4
1939408,2207,1460.0,7707,1.53592,116.4
1940537,2208,600.0,4529,1.52347,116.4
1941455,2209,525.0,3702,1.51117,116.4
1942973,2210,885.0,6091,1.52144,116.4
1943722,2211,540.0,3024,1.54944,116.4
1944462,2212,600.0,2973,1.55637,116.4
1945157,2213,540.0,2810,1.55414,116.4
1945821,2214,430.0,2677,1.56038,116.4
1946618,2215,470.0,3211,1.57538,116.4
1947515,2216,570.0,3605,1.5693,116.4
1949115,2217,1050.0,6422,1.56297,116.4
1950476,2218,1015.0,5461,1.56048,116.4
1951389,2219,555.0,3662,1.54939,116.4
1952517,2220,875.0,4541,1.55106,116.5
1953345,2221,540.0,3322,1.55989,116.5
1954964,2222,1080.0,6509,1.54389,116.5
1956427,2223,1140.0,5875,1.55437,116.5
1957249,2224,610.0,3297,1.53679,116.5
1957994,2225,515.0,2993,1.54405,116.5
1959827,2226,1205.0,7351,1.56227,116.5
1960984,2227,775.0,4655,1.57421,116.5
1962683,2228,1380.0,6815,1.57839,116.5
1963821,2229,605.0,4593,1.53919,116.5
1965546,2230,1195.0,6910,1.54194,116.5
1967279,2231,1170.0,6969,1.54981,116.5
1969119,2232,1205.0,7395,1.56666,116.5
1970952,2233,1200.0,7359,1.54826,116.5
1971793,2234,605.0,3387,1.54902,116.5
1972710,2235,605.0,3697,1.5455,116.5
1974259,2236,1070.0,6219,1.549,116.5
1975198,2237,600.0,3791,1.54791,116.5
1976403,2238,920.0,4841,1.55412,116.5
1977596,2239,555.0,4797,1.56333,116.5
1979042,2240,1180.0,5803,1.56243,116.5
1979972,2241,605.0,3729,1.57036,116.5
1980978,2242,805.0,4037,1.55705,116.5
1981958,2243,610.0,3945,1.55457,116.5
1982793,2244,455.0,3379,1.54724,116.5
1983665,2245,545.0,3519,1.54955,116.5
1985387,2246,1230.0,6899,1.57482,116.5
1986333,2247,575.0,3809,1.55421,116.5
1987905,2248,1080.0,6325,1.56879,116.5
1989499,2249,1405.0,6388,1.55397,116.5
1990649,2250,1125.0,4627,1.53981,116.5
1992479,2251,1215.0,7353,1.53229,116.5
1993596,2252,930.0,4483,1.52092,116.5
1994797,2253,545.0,4833,1.53392,116.5
1996261,2254,1130.0,5887,1.54344,116.5
1997810,2255,1075.0,6235,1.56945,116.5
1999067,2256,1015.0,5058,1.57329,116.5
2000867,2257,1515.0,7231,1.55812,116.5
2001786,2258,600.0,3691,1.54516,116.5
2003027,2259,695.0,4991,1.5346,116.5
2003789,2260,485.0,3061,1.54157,116.5
2004681,2261,605.0,3579,1.55712,116.5
2005722,2262,545.0,4190,1.55068,116.5
2006638,2263,600.0,3669,1.56648,116.5
2008959,2264,1555.0,9319,1.54287,116.5
2010226,2265,1020.0,5105,1.54401,116.5
2011823,2266,1145.0,6419,1.52667,116.5
2012661,2267,605.0,3367,1.54294,116.5
2014058,2268,930.0,5611,1.54847,116.5
2014785,2269,680.0,2945,1.54815,116.5
2015229,2270,245.0,1797,1.55232,116.5
2016102,2271,515.0,3529,1.56115,116.5
2016970,2272,610.0,3485,1.53691,116.5
2017560,2273,330.0,2397,1.52167,116.5
2018515,2274,605.0,3841,1.51028,116.5
2019527,2275,600.0,4067,1.51648,116.5
2020575,2276,600.0,4217,1.5263,116.5
2021359,2277,600.0,3157,1.53823,116.5
2022053,2278,400.0,2813,1.54612,116.5
2024032,2279,1375.0,7933,1.55801,116.5
2024935,2280,545.0,3623,1.55676,116.5
2027335,2281,1930.0,9637,1.55544,116.5
2028877,2282,1040.0,6186,1.54894,116.5
2030761,2283,1175.0,7561,1.52878,116.5
2032378,2284,980.0,6487,1.52035,116.5
2033834,2285,1165.0,5839,1.52755,116.5
2034791,2286,600.0,3837,1.5543,116.5
2035621,2287,600.0,3341,1.55042,116.5
2036762,2288,575.0,4581,1.54646,116.5
2038146,2289,970.0,5569,1.52342,116.5
2040364,2290,1625.0,8898,1.5207,116.5
2041364,2291,680.0,4033,1.54516,116.4
2042142,2292,480.0,3141,1.57426,116.4
2044119,2293,1185.0,7941,1.57705,116.4
2045325,2294,570.0,4841,1.5619,116.4
2046543,2295,545.0,4887,1.533,116.4
2048532,2296,1150.0,7989,1.53848,116.4
2049565,2297,600.0,4151,1.5413,116.4
2051089,2298,1100.0,6137,1.52616,116.4
2051947,2299,600.0,3463,1.5295,116.4
2052942,2300,805.0,3991,1.51984,116.4
2054014,2301,605.0,4297,1.52664,116.4
2055492,2302,1065.0,5925,1.51529,116.4
2056787,2303,605.0,5219,1.49307,116.4
2057732,2304,595.0,3807,1.4989,116.4
2059717,2305,1440.0,7973,1.54176,116.4
2060743,2306,585.0,4118,1.55135,116.4
2062157,2307,1015.0,5681,1.56857,116.4
2063522,2308,865.0,5493,1.56162,116.4
2065138,2309,975.0,6483,1.58281,116.4
2066624,2310,905.0,5979,1.55543,116.4
2067302,2311,435.0,2749,1.57087,116.4
2068383,2312,600.0,4355,1.5598,116.4
2069212,2313,455.0,3323,1.55195,116.4
2070286,2314,600.0,4323,1.56616,116.4
2071322,2315,630.0,4161,1.55849,116.4
2072198,2316,600.0,3517,1.57117,116.4
2072975,2317,525.0,3123,1.57541,116.4
2074421,2318,1010.0,5813,1.55916,116.4
2076224,2319,1150.0,7237,1.51335,116.4
2077737,2320,1235.0,6075,1.53676,116.4
2079317,2321,1185.0,6336,1.55678,116.4
2080860,2322,1130.0,6199,1.555,116.4
2081838,2323,600.0,3941,1.56647,116.4
2083466,2324,1085.0,6535,1.56907,116.4
2084309,2325,915.0,3383,1.57811,116.4
2085491,2326,690.0,4739,1.56745,116.4
2086606,2327,575.0,4471,1.55523,116.4
2088332,2328,1235.0,6937,1.53452,116.4
2089201,2329,600.0,3505,1.53177,116.4
2090658,2330,940.0,5855,1.56278,116.4
2091716,2331,545.0,4240,1.58005,116.4
2092429,2332,600.0,2869,1.5638,116.4
2093553,2333,630.0,4513,1.57546,116.4
2095389,2334,1430.0,7361,1.55163,116.4
2097560,2335,2030.0,8705,1.57219,116.3
2098743,2336,890.0,4751,1.60361,116.3
2099566,2337,420.0,3321,1.59988,116.3
2100504,2338,600.0,3761,1.61178,116.3
2102535,2339,1320.0,8159,1.57846,116.3
2103941,2340,925.0,5639,1.57114,116.3
2105275,2341,1150.0,5351,1.57165,116.3
2107203,2342,1240.0,7725,1.57457,116.3
2108085,2343,600.0,3557,1.55605,116.3
2109744,2344,1775.0,6665,1.54325,116.3
2110823,2345,525.0,4353,1.5497,116.3
2111644,2346,450.0,3309,1.55449,116.3
2113272,2347,985.0,6533,1.58432,116.3
2114804,2348,1405.0,6143,1.56058,116.3
2116585,2349,1180.0,7152,1.57915,116.3
2117543,2350,555.0,3873,1.58013,116.3
2118343,2351,740.0,3233,1.59369,116.3
2119457,2352,800.0,4473,1.57506,116.4
2120443,2353,565.0,3963,1.56744,116.4
2121815,2354,860.0,5501,1.5446,116.4
2122713,2355,460.0,3605,1.54533,116.4
2123981,2356,920.0,5085,1.57101,116.4
2124933,2357,605.0,3819,1.58233,116.4
2126727,2358,1435.0,7213,1.60327,116.4
2128188,2359,910.0,5855,1.58883,116.4
2129916,2360,1280.0,6933,1.5519,116.4
2130797,2361,600.0,3541,1.57696,116.4
2131863,2362,945.0,4275,1.56811,116.4
2132889,2363,570.0,4129,1.5762,116.4
2134420,2364,1230.0,6133,1.59047,116.5
2136084,2365,1180.0,6668,1.5748,116.5
2136769,2366,305.0,2767,1.55468,116.5
2138193,2367,890.0,5731,1.5295,116.5
2139165,2368,570.0,3907,1.52396,116.5
2140742,2369,1090.0,6347,1.52647,116.5
2142452,2370,1140.0,6863,1.54303,116.5
2143946,2371,1040.0,6009,1.5376,116.5
2144846,2372,805.0,3625,1.56443,116.5
2146478,2373,1120.0,6559,1.55861,116.5
2147454,2374,970.0,3913,1.57451,116.5
2148419,2375,800.0,3893,1.56506,116.5
2149414,2376,605.0,4001,1.56771,116.5
2150339,2377,570.0,3733,1.56865,116.5
2151568,2378,1100.0,4931,1.55676,116.6
2152331,2379,550.0,3081,1.5697,116.6
2153192,2380,745.0,3457,1.53341,116.6
2154951,2381,1230.0,7065,1.51649,116.6
2155981,2382,575.0,4129,1.48068,116.6
2157147,2383,915.0,4701,1.48852,116.6
2158163,2384,600.0,4093,1.49643,116.6
2159141,2385,545.0,3927,1.50466,116.6
2160570,2386,1205.0,5733,1.51931,116.6
2162082,2387,1300.0,6073,1.51203,116.6
2164069,2388,1750.0,7978,1.50199,116.6
2164850,2389,600.0,3129,1.5111,116.6
2165849,2390,530.0,4025,1.53451,116.6
2166768,2391,605.0,3717,1.53106,116.7
2167968,2392,600.0,4835,1.54489,116.7
2168982,2393,775.0,4079,1.54303,116.7
2170420,2394,935.0,5763,1.53317,116.7
2171591,2395,930.0,4709,1.53142,116.7
2172844,2396,765.0,5053,1.54004,116.7
2174427,2397,1320.0,6353,1.52463,116.7
2175932,2398,1125.0,6061,1.50481,116.7
2177352,2399,1070.0,5709,1.49046,116.7
2178892,2400,1425.0,6187,1.47852,116.7
2180363,2401,1235.0,5909,1.50757,116.7
2181705,2402,890.0,5395,1.51064,116.7
2182533,2403,600.0,3341,1.51344,116.8
2184267,2404,1430.0,6961,1.50524,116.8
2185616,2405,1000.0,5433,1.4946,116.8
2187414,2406,1090.0,7213,1.49504,116.8
2189566,2407,1810.0,8621,1.51013,116.8
2191402,2408,1330.0,7357,1.52794,116.8
2192401,2409,575.0,4029,1.51677,116.8
2194072,2410,1105.0,6713,1.53203,116.8
2194922,2411,585.0,3408,1.52602,116.8
2195790,2412,600.0,3497,1.55198,116.8
2197313,2413,1110.0,6103,1.53969,116.8
2198702,2414,680.0,5575,1.53307,116.8
2199253,2415,295.0,2239,1.52166,116.9
2200523,2416,810.0,5117,1.53676,116.8
2201374,2417,610.0,3417,1.53009,116.8
2202575,2418,945.0,4821,1.5251,116.8
2204348,2419,1175.0,7119,1.52698,116.9
2205928,2420,1065.0,6347,1.54396,116.9
2207866,2421,1240.0,7773,1.56273,116.9
2209846,2422,1185.0,7933,1.56298,116.9
2210772,2423,800.0,3729,1.569,116.9
2212200,2424,1055.0,5747,1.55657,116.9
2213166,2425,810.0,3891,1.54553,116.9
2214842,2426,1230.0,6729,1.56267,116.9
2216267,2427,1090.0,5735,1.57247,116.9
2218039,2428,1205.0,7117,1.57971,116.9
2220165,2429,1510.0,8525,1.55314,117.0
2221193,2430,600.0,4129,1.56667,117.0
2222910,2431,1215.0,6893,1.54581,117.0
2224326,2432,1020.0,5703,1.5517,117.0
2226105,2433,1040.0,7145,1.56606,117.0
2227071,2434,575.0,3892,1.55379,117.0
2228051,2435,570.0,3959,1.56819,117.0
2228843,2436,495.0,3185,1.57288,117.0
2230449,2437,1160.0,6453,1.57118,117.0
2231333,2438,610.0,3555,1.57385,117.0
2232508,2439,775.0,4734,1.55041,117.0
2233298,2440,800.0,3185,1.54582,117.0
2234910,2441,1345.0,6475,1.54925,117.0
2236082,2442,1155.0,4701,1.55343,117.0
2237813,2443,1235.0,6941,1.58153,117.0
2239229,2444,860.0,5681,1.56429,117.0
2241875,2445,2260.0,10617,1.55202,117.0
2243226,2446,1105.0,5431,1.56225,117.0
2244938,2447,1215.0,6880,1.57646,117.0
2246446,2448,1100.0,6071,1.56117,117.1
2248172,2449,1205.0,6917,1.54273,117.1
2249609,2450,1235.0,5781,1.54992,117.1
2250495,2451,600.0,3563,1.54815,117.1
2251287,2452,510.0,3183,1.56329,117.1
2252839,2453,1120.0,6223,1.59263,117.1
2253708,2454,600.0,3493,1.59799,117.1
2255164,2455,1185.0,5855,1.59883,117.1
2255941,2456,570.0,3129,1.5947,117.1
2257633,2457,1245.0,6789,1.55952,117.1
2258557,2458,555.0,3706,1.54922,117.1
2259449,2459,530.0,3588,1.55503,117.1
2260900,2460,1260.0,5827,1.54312,117.1
2262520,2461,1100.0,6499,1.54936,117.1
2264380,2462,1400.0,7471,1.55461,117.1
2265966,2463,1045.0,6373,1.54125,117.1
2266780,2464,550.0,3273,1.52447,117.1
2268414,2465,1200.0,6573,1.52376,117.1
2269772,2466,1050.0,5453,1.52196,117.1
2271323,2467,1195.0,6233,1.541,117.1
2272128,2468,605.0,3233,1.53644,117.1
2272805,2469,450.0,2731,1.53471,117.1
2273957,2470,780.0,4643,1.57082,117.1
2274836,2471,545.0,3549,1.57034,117.2
2276138,2472,945.0,5229,1.55376,117.2
2278444,2473,1535.0,9265,1.544,117.2
2279587,2474,755.0,4601,1.52671,117.2
2280388,2475,475.0,3217,1.53252,117.2
2282061,2476,1205.0,6721,1.52181,117.2
2283053,2477,575.0,3988,1.5319,117.2
2284382,2478,1380.0,5339,1.55267,117.2
2285169,2479,455.0,3183,1.5456,117.2
2286107,2480,800.0,3773,1.54589,117.2
2287012,2481,530.0,3641,1.54206,117.2
2288716,2482,1440.0,6855,1.51685,117.2
2289797,2483,605.0,4349,1.51726,117.2
2290689,2484,470.0,3587,1.50247,117.2
2291621,2485,605.0,3741,1.52617,117.2
2293165,2486,1030.0,6191,1.53234,117.2
2294803,2487,980.0,6579,1.5508,117.2
2295549,2488,565.0,2995,1.5425,117.2
2297171,2489,1035.0,6503,1.52387,117.2
2298188,2490,570.0,4079,1.51103,117.2
2299848,2491,1010.0,6655,1.50522,117.2
2301663,2492,1230.0,7273,1.52501,117.2
2303391,2493,1300.0,6935,1.50743,117.2
2304718,2494,995.0,5334,1.52035,117.2
2306361,2495,1155.0,6594,1.51671,117.2
2308372,2496,1375.0,8059,1.5205,117.2
2310103,2497,1040.0,6945,1.51752,117.3
2311585,2498,1015.0,5951,1.52381,117.3
2313216,2499,1125.0,6547,1.49563,117.3
2314662,2500,1000.0,5801,1.49423,117.3
2316238,2501,1125.0,6331,1.51273,117.3
2317918,2502,1085.0,6757,1.5167,117.3
2318800,2503,600.0,3533,1.52599,117.3
2321334,2504,1715.0,10157,1.52722,117.3
2323032,2505,1180.0,6817,1.53155,117.3
2323871,2506,600.0,3369,1.5277,117.3
2325414,2507,1500.0,6211,1.52201,117.3
2326702,2508,890.0,5169,1.50143,117.3
2327890,2509,1165.0,4781,1.4984,117.3
2328665,2510,490.0,3113,1.50215,117.3
2330576,2511,1400.0,7659,1.52354,117.3
2331583,2512,810.0,4055,1.52083,117.3
2332538,2513,575.0,3837,1.51955,117.3
2333919,2514,1050.0,5553,1.52838,117.3
2334845,2515,575.0,3735,1.53428,117.3
2335630,2516,715.0,3167,1.54686,117.3
2336805,2517,1010.0,4741,1.5487,117.4
2337738,2518,550.0,3755,1.54632,117.4
2339350,2519,1100.0,6475,1.55029,117.4
2341090,2520,1230.0,6999,1.55578,117.4
2342357,2521,690.0,5105,1.553,117.4
2344299,2522,1630.0,7789,1.55027,117.4
2345685,2523,1035.0,5581,1.55215,117.4
2346778,2524,805.0,4387,1.55618,117.4
2348319,2525,1345.0,6201,1.54119,117.4
2349030,2526,520.0,2870,1.54838,117.4
2350172,2527,1035.0,4603,1.54205,117.4
2351427,2528,1080.0,5035,1.51017,117.4
2352476,2529,550.0,4204,1.52209,117.4
2353505,2530,570.0,4131,1.51197,117.4
2354917,2531,1150.0,5659,1.51437,117.4
2355723,2532,490.0,3249,1.51928,117.4
2357232,2533,1110.0,6061,1.50647,117.4
2358871,2534,1375.0,6591,1.53176,117.4
2359311,2535,215.0,1795,1.52246,117.4
2361069,2536,1130.0,7057,1.54479,117.4
2362015,2537,745.0,3806,1.55036,117.4
2362964,2538,725.0,3830,1.55526,117.4
2364246,2539,720.0,5163,1.55685,117.4
2366042,2540,1145.0,7190,1.55744,117.4
2367430,2541,1030.0,5577,1.53484,117.5
2368450,2542,550.0,4104,1.51528,117.5
2370452,2543,1385.0,8043,1.5165,117.5
2372127,2544,1485.0,6741,1.53515,117.5
2372911,2545,500.0,3163,1.54104,117.5
2374510,2546,1230.0,6427,1.56419,117.5
2375402,2547,600.0,3587,1.5614,117.5
2376515,2548,605.0,4483,1.56121,117.5
2378043,2549,1175.0,6123,1.55331,117.5
2378949,2550,600.0,3645,1.54432,117.5
2380054,2551,600.0,4437,1.54161,117.5
2381786,2552,1550.0,6945,1.56547,117.5
2383798,2553,1705.0,8087,1.57684,117.5
2385625,2554,1435.0,7345,1.55367,117.5
2388588,2555,1935.0,11879,1.53653,117.5
2390025,2556,1030.0,5779,1.55244,117.5
2391605,2557,1230.0,6339,1.52479,117.5
2392626,2558,810.0,4103,1.51783,117.5
2394212,2559,1175.0,6382,1.52439,117.5
2395457,2560,860.0,5001,1.53721,117.5
2397240,2561,1185.0,7165,1.53075,117.5
2397995,2562,780.0,3038,1.5132,117.5
2399750,2563,1315.0,7039,1.51754,117.5
2400639,2564,610.0,3565,1.5373,117.5
2402434,2565,1170.0,7215,1.54695,117.5
2403436,2566,865.0,4045,1.53432,117.5
2404676,2567,890.0,4999,1.53898,117.5
2406301,2568,1145.0,6539,1.55569,117.5
2407851,2569,980.0,6235,1.54437,117.5
2408630,2570,455.0,3141,1.54051,117.5
2410319,2571,1085.0,6785,1.54828,117.5
2411974,2572,1175.0,6650,1.53666,117.5
2412893,2573,545.0,3685,1.55149,117.5
2414354,2574,990.0,5873,1.52921,117.5
2415171,2575,575.0,3294,1.53958,117.5
2416194,2576,585.0,4107,1.5302,117.5
2417613,2577,1070.0,5699,1.53941,117.5
2418509,2578,605.0,3597,1.56353,117.5
2419245,2579,670.0,2959,1.56806,117.5
2420785,2580,1200.0,6189,1.56536,117.5
2421429,2581,465.0,2613,1.53999,117.5
2423066,2582,1210.0,6587,1.50991,117.5
2424437,2583,995.0,5518,1.52155,117.5
2425939,2584,955.0,6023,1.5368,117.5
2426878,2585,575.0,3785,1.53031,117.5
2428409,2586,1380.0,6138,1.50694,117.5
2429566,2587,660.0,4639,1.53267,117.5
2431591,2588,1235.0,8117,1.55516,117.5
2433684,2589,1570.0,8407,1.55066,117.5
2434629,2590,770.0,3805,1.55495,117.5
2435588,2591,570.0,3861,1.55003,117.5
2437271,2592,1405.0,6763,1.53389,117.5
2438108,2593,610.0,3361,1.52653,117.5
2439210,2594,755.0,4439,1.53843,117.5
2440876,2595,1200.0,6688,1.55526,117.5
2442414,2596,1080.0,6173,1.57329,117.5
2443744,2597,780.0,5347,1.57843,117.5
2444712,2598,580.0,3895,1.60351,117.5
2445814,2599,605.0,4417,1.5936,117.5
2447075,2600,1055.0,5077,1.5765,117.5
2448605,2601,1080.0,6149,1.53436,117.5
2450365,2602,1325.0,7079,1.54753,117.5
2451878,2603,950.0,6081,1.57306,117.5
2453158,2604,1025.0,5147,1.56911,117.5
2454783,2605,895.0,6511,1.56102,117.5
2455683,2606,545.0,3621,1.56313,117.5
2456129,2607,235.0,1811,1.55286,117.5
2456886,2608,485.0,3067,1.55909,117.5
2458426,2609,1195.0,6189,1.54059,117.5
2460148,2610,1100.0,6907,1.52276,117.5
2461713,2611,1095.0,6293,1.52761,117.5
2462599,2612,600.0,3553,1.53656,117.5
2463926,2613,1025.0,5335,1.54124,117.5
2465290,2614,1185.0,5495,1.53917,117.5
2466189,2615,600.0,3631,1.55468,117.5
2467585,2616,970.0,5623,1.54235,117.5
2469280,2617,1430.0,6797,1.57199,117.5
2470731,2618,1185.0,5826,1.5706,117.5
2472262,2619,1240.0,6149,1.55817,117.5
2474068,2620,1205.0,7248,1.53823,117.5
2475993,2621,1540.0,7729,1.54811,117.5
2477024,2622,570.0,4149,1.5691,117.5
2477856,2623,510.0,3341,1.54494,117.5
2479598,2624,1430.0,6997,1.53776,117.5
2481423,2625,1155.0,7331,1.53176,117.5
2482903,2626,1180.0,5943,1.52451,117.5
2483772,2627,615.0,3499,1.54384,117.5
2484585,2628,545.0,3271,1.55708,117.5
2485381,2629,480.0,3223,1.55312,117.5
2486243,2630,570.0,3472,1.55163,117.5
2487260,2631,600.0,4093,1.54016,117.5
2488516,2632,905.0,5039,1.53857,117.5
2490426,2633,1405.0,7655,1.5093,117.5
2491886,2634,1175.0,5870,1.51558,117.5
2493557,2635,1630.0,6715,1.51241,117.5
2495420,2636,1235.0,7469,1.49026,117.5
2497202,2637,1430.0,7165,1.50142,117.6
2498159,2638,975.0,3841,1.52013,117.6
2499760,2639,1175.0,6431,1.51602,117.6
2501625,2640,1630.0,7493,1.49787,117.5
2503378,2641,1200.0,7032,1.48683,117.5
2504022,2642,460.0,2599,1.49877,117.5
2505482,2643,1035.0,5864,1.49865,117.5
2507241,2644,1245.0,7039,1.48964,117.5
2508062,2645,495.0,3309,1.48793,117.5
2509453,2646,1095.0,5591,1.48376,117.5
2510169,2647,575.0,2873,1.48919,117.5
2511603,2648,1100.0,5777,1.49945,117.5
2513313,2649,1175.0,6873,1.51507,117.5
2515873,2650,1730.0,10251,1.53522,117.5
2517926,2651,1570.0,8251,1.52481,117.5
2519563,2652,1130.0,6569,1.51261,117.5
2521039,2653,1170.0,5934,1.51639,117.5
2522755,2654,1235.0,6899,1.49559,117.5
2523679,2655,605.0,3721,1.49059,117.5
2525191,2656,1145.0,6075,1.49481,117.5
2526566,2657,945.0,5525,1.5004,117.5
2528022,2658,940.0,5845,1.47425,117.6
2529424,2659,1070.0,5644,1.48514,117.6
2530644,2660,890.0,4919,1.50353,117.6
2532263,2661,1175.0,6487,1.5124,117.6
2533275,2662,750.0,4085,1.4862,117.6
2534855,2663,1305.0,6331,1.48086,117.6
2536521,2664,1210.0,6700,1.48297,117.6
2538287,2665,1210.0,7093,1.48533,117.6
2540387,2666,1340.0,8415,1.50073,117.6
2542075,2667,1230.0,6759,1.47305,117.6
2543304,2668,980.0,4933,1.47858,117.6
2544763,2669,925.0,5853,1.47568,117.6
2546519,2670,1360.0,7041,1.49026,117.6
2547617,2671,600.0,4423,1.48803,117.6
2549540,2672,1435.0,7721,1.45177,117.6
2551150,2673,1200.0,6464,1.45946,117.6
2553304,2674,1490.0,8635,1.47208,117.6
2554975,2675,1330.0,6721,1.47739,117.6
2556577,2676,1345.0,6423,1.50475,117.6
2558349,2677,1330.0,7103,1.50674,117.6
2559552,2678,845.0,4845,1.49356,117.6
2560437,2679,575.0,3564,1.48154,117.6
2561387,2680,575.0,3823,1.4841,117.6
2562181,2681,575.0,3201,1.46731,117.6
2563751,2682,1200.0,6296,1.47103,117.6
2565018,2683,860.0,5091,1.4599,117.6
2566121,2684,600.0,4421,1.47841,117.6
2567692,2685,1600.0,6299,1.46085,117.6
2569273,2686,1230.0,6353,1.47875,117.6
2570928,2687,1575.0,6630,1.52208,117.6
2572235,2688,870.0,5269,1.50446,117.6
2573717,2689,1355.0,5955,1.49117,117.6
2575616,2690,1430.0,7625,1.48013,117.6
2577349,2691,1280.0,6953,1.46294,117.6
2578347,2692,600.0,4029,1.46378,117.6
2580237,2693,1180.0,7583,1.47239,117.6
2582036,2694,1405.0,7212,1.49199,117.6
2583219,2695,1145.0,4759,1.46403,117.6
2584036,2696,480.0,3281,1.47252,117.6
2586506,2697,1850.0,9909,1.49929,117.6
2587443,2698,725.0,3773,1.49479,117.6
2589137,2699,1235.0,6809,1.45739,117.6
2591414,2700,1445.0,9149,1.43864,117.6
2593083,2701,1235.0,6707,1.46671,117.6
2594702,2702,1230.0,6509,1.48403,117.6
2595757,2703,775.0,4253,1.4887,117.6
2596907,2704,780.0,4619,1.47263,117.6
2598915,2705,1345.0,8065,1.46107,117.6
2600432,2706,1400.0,6088,1.46138,117.6
2601704,2707,945.0,5101,1.4752,117.6
2603034,2708,955.0,5349,1.46514,117.6
2604582,2709,1205.0,6205,1.46188,117.6
2606171,2710,1170.0,6391,1.43236,117.6
2608246,2711,1660.0,8329,1.44318,117.6
2609204,2712,610.0,3843,1.45398,117.6
2610700,2713,1600.0,6005,1.4651,117.6
2612481,2714,1185.0,7139,1.45623,117.6
2614132,2715,1205.0,6629,1.48009,117.7
2615757,2716,1150.0,6539,1.50105,117.7
2617671,2717,1305.0,7687,1.47925,117.7
2619251,2718,1170.0,6349,1.4772,117.7
2620206,2719,555.0,3831,1.48023,117.7
2621221,2720,605.0,4093,1.49003,117.7
2622745,2721,1200.0,6115,1.48665,117.7
2623878,2722,600.0,4545,1.48223,117.7
2624893,2723,575.0,4078,1.48165,117.7
2626369,2724,1200.0,5917,1.45713,117.7
2627156,2725,555.0,3179,1.46085,117.7
2628520,2726,960.0,5471,1.47566,117.7
2630061,2727,1150.0,6178,1.46231,117.7
2631746,2728,1150.0,6775,1.4601,117.7
2633169,2729,1140.0,5706,1.44781,117.7
2634752,2730,1185.0,6365,1.44783,117.7
2636957,2731,1590.0,8857,1.46487,117.7
2638341,2732,1060.0,5557,1.45899,117.7
2640498,2733,1570.0,8657,1.44017,117.7
2641924,2734,1075.0,5729,1.45543,117.7
2643740,2735,1235.0,7287,1.47619,117.7
2645616,2736,1570.0,7545,1.49038,117.7
2647123,2737,1195.0,6063,1.46066,117.7
2648421,2738,1090.0,5213,1.44865,117.7
2650584,2739,1615.0,8674,1.47475,117.8
2651562,2740,570.0,3925,1.48861,117.8
2652973,2741,1140.0,5665,1.48871,117.8
2654381,2742,1015.0,5671,1.47389,117.8
2655439,2743,605.0,4263,1.47056,117.8
2656923,2744,1120.0,5961,1.50139,117.8
2658626,2745,1150.0,6847,1.5114,117.8
2660324,2746,1170.0,6815,1.49299,117.8
2660710,2747,215.0,1577,1.4817,117.8
2662061,2748,1020.0,5429,1.47667,117.8
2663375,2749,1185.0,5291,1.47106,117.8
2664501,2750,545.0,4519,1.46141,117.8
2666123,2751,1230.0,6523,1.48023,117.8
2667596,2752,1130.0,5907,1.48004,117.8
2669085,2753,1030.0,5969,1.4883,117.8
2670664,2754,1170.0,6351,1.47223,117.8
2672230,2755,1155.0,6299,1.48509,117.8
2673816,2756,1080.0,6361,1.50398,117.8
2675433,2757,1635.0,6491,1.49201,117.8
2676912,2758,1115.0,5947,1.50399,117.8
2678259,2759,1035.0,5409,1.49149,117.8
2680034,2760,1175.0,7137,1.50164,117.8
2681532,2761,1150.0,6013,1.51444,117.8
2682923,2762,1120.0,5599,1.51179,117.8
2684356,2763,1025.0,5747,1.51353,117.8
2686143,2764,1230.0,7165,1.46282,117.8
2687749,2765,1425.0,6439,1.4548,117.8
2689090,2766,1415.0,5381,1.445,117.9
2690577,2767,1110.0,5987,1.43998,117.9
2692120,2768,1100.0,6183,1.47234,117.9
2692939,2769,600.0,3289,1.48032,117.9
2694449,2770,895.0,6075,1.47721,117.9
2696101,2771,1230.0,6625,1.45926,117.9
2697508,2772,1150.0,5654,1.45964,117.9
2699306,2773,1205.0,7229,1.47652,117.9
2700509,2774,935.0,4825,1.49385,117.8
2701978,2775,995.0,5911,1.46275,117.8
2703737,2776,1240.0,7059,1.45739,117.9
2705487,2777,1230.0,7037,1.46546,117.9
2707288,2778,1205.0,7223,1.47189,117.9
2709086,2779,1405.0,7211,1.45816,117.9
2709990,2780,545.0,3641,1.47112,117.9
2711439,2781,995.0,5813,1.4734,117.9
2713097,2782,1070.0,6670,1.49023,117.9
2713990,2783,615.0,3589,1.47076,117.9
2715656,2784,825.0,6683,1.46857,117.9
2717467,2785,1105.0,7275,1.47262,117.9
2719229,2786,1430.0,7065,1.46725,117.9
2720042,2787,605.0,3287,1.47429,117.9
2721846,2788,1410.0,7249,1.47693,117.9
2723285,2789,1170.0,5786,1.4774,117.9
2724575,2790,925.0,5193,1.4781,117.9
2726307,2791,1015.0,6947,1.46688,117.9
2728063,2792,1230.0,7045,1.47392,117.9
2729581,2793,1200.0,6108,1.48812,118.0
2731441,2794,1605.0,7475,1.46757,118.0
2732857,2795,1055.0,5698,1.4641,118.0
2734556,2796,1130.0,6821,1.44709,118.0
2736420,2797,1230.0,7489,1.45895,118.0
2738027,2798,1200.0,6457,1.43531,118.0
2739680,2799,1230.0,6625,1.43525,118.0
2740594,2800,1010.0,3685,1.4491,118.0
2742269,2801,1205.0,6718,1.47627,118.0
2743814,2802,1335.0,6205,1.46717,118.0
2745729,2803,1420.0,7691,1.43705,118.0
2746696,2804,610.0,3903,1.44306,118.0
2747910,2805,890.0,4887,1.43546,118.0
2749547,2806,1405.0,6571,1.4662,118.0
2751503,2807,1235.0,7843,1.47719,118.0
2752548,2808,505.0,4207,1.46705,118.1
2754438,2809,1230.0,7571,1.45469,118.1
2756113,2810,1160.0,6723,1.47801,118.1
2756990,2811,570.0,3521,1.46429,118.1
2759452,2812,1430.0,9867,1.50241,118.1
2761079,2813,1205.0,6537,1.5107,118.1
2762504,2814,890.0,5725,1.48784,118.1
2763847,2815,995.0,5391,1.49416,118.1
2765508,2816,1230.0,6667,1.46887,118.1
2767672,2817,1465.0,8679,1.43593,118.1
2768489,2818,550.0,3287,1.45538,118.1
2769905,2819,920.0,5683,1.48443,118.1
2770793,2820,710.0,3569,1.47494,118.1
2772123,2821,955.0,5339,1.47802,118.1
2773844,2822,1110.0,6903,1.4653,118.1
2775155,2823,990.0,5274,1.47127,118.2
2776032,2824,575.0,3515,1.46843,118.2
2777545,2825,1120.0,6089,1.44793,118.2
2778688,2826,855.0,4609,1.45994,118.2
2779484,2827,545.0,3201,1.44747,118.2
2781020,2828,1240.0,6155,1.49328,118.2
2782877,2829,1230.0,7459,1.48989,118.2
2783902,2830,545.0,4121,1.49011,118.2
2784700,2831,600.0,3205,1.49225,118.2
2786322,2832,1310.0,6519,1.50662,118.2
2787884,2833,1200.0,6275,1.5112,118.2
2789682,2834,1435.0,7211,1.51535,118.2
2791250,2835,1075.0,6287,1.49245,118.2
2792813,2836,1330.0,6277,1.49578,118.2
2794484,2837,1150.0,6723,1.47209,118.2
2796591,2838,1690.0,8449,1.50056,118.2
2797474,2839,610.0,3549,1.49769,118.2
2799260,2840,1430.0,7175,1.49799,118.3
2800960,2841,1205.0,6817,1.47549,118.2
2802610,2842,1120.0,6607,1.47765,118.2
2803684,2843,745.0,4317,1.48676,118.3
2804474,2844,575.0,3173,1.48246,118.3
2805187,2845,665.0,2867,1.50268,118.3
2806604,2846,1150.0,5703,1.49143,118.3
2808078,2847,1225.0,5924,1.50786,118.3
2809444,2848,1150.0,5479,1.49598,118.3
2811108,2849,1315.0,6673,1.47828,118.3
2812902,2850,1145.0,7213,1.48193,118.3
2814427,2851,1170.0,6119,1.50048,118.3
2815861,2852,1085.0,5777,1.49875,118.3
2816656,2853,610.0,3201,1.49116,118.3
2817937,2854,1030.0,5155,1.50385,118.3
2818816,2855,545.0,3543,1.50307,118.3
2820500,2856,1230.0,6751,1.51777,118.3
2821411,2857,600.0,3661,1.52809,118.3
2822970,2858,1160.0,6267,1.51083,118.3
2824220,2859,1005.0,5016,1.50294,118.3
2825605,2860,1155.0,5557,1.50587,118.3
2826785,2861,1130.0,4752,1.50578,118.3
2828288,2862,1175.0,6040,1.49911,118.4
2829674,2863,1095.0,5569,1.50667,118.4
2831205,2864,1070.0,6147,1.51759,118.4
2832793,2865,1195.0,6366,1.50118,118.4
2833785,2866,600.0,3993,1.48732,118.4
2835285,2867,1185.0,6021,1.48233,118.4
2836746,2868,1075.0,5883,1.48419,118.4
2838132,2869,945.0,5573,1.49151,118.4
2839970,2870,1385.0,7373,1.54069,118.4
2841403,2871,1375.0,5759,1.55285,118.4
2843097,2872,1265.0,6809,1.51411,118.4
2844986,2873,1235.0,7589,1.50738,118.4
2846451,2874,1450.0,5899,1.52916,118.4
2847708,2875,830.0,5057,1.51511,118.4
2849616,2876,1630.0,7667,1.4936,118.4
2851148,2877,1265.0,6141,1.50727,118.5
2852525,2878,1125.0,5543,1.5139,118.5
2854480,2879,1270.0,7841,1.50882,118.5
2855834,2880,1075.0,5433,1.50111,118.5
2857257,2881,1175.0,5727,1.4973,118.5
2858402,2882,810.0,4613,1.4965,118.5
2860390,2883,1230.0,7983,1.4825,118.5
2862238,2884,1210.0,7405,1.46907,118.5
2863947,2885,1140.0,6855,1.46427,118.5
2865900,2886,1200.0,7835,1.45397,118.5
2867632,2887,1430.0,6939,1.45885,118.5
2869220,2888,1215.0,6376,1.48103,118.5
2870576,2889,1340.0,5435,1.49407,118.5
2872249,2890,1325.0,6711,1.47488,118.5
2874178,2891,1380.0,7730,1.4464,118.5
2875455,2892,890.0,5123,1.46693,118.5
2876370,2893,610.0,3687,1.46666,118.5
2877693,2894,1045.0,5315,1.47319,118.5
2879559,2895,1360.0,7487,1.4657,118.6
2881168,2896,1235.0,6447,1.47356,118.6
2882171,2897,600.0,4023,1.4736,118.6
2883712,2898,1295.0,6193,1.49017,118.6
2885783,2899,1515.0,8297,1.46088,118.6
2886943,2900,665.0,4651,1.44513,118.6
2887921,2901,805.0,3937,1.43661,118.6
2888613,2902,545.0,2776,1.44344,118.6
2889736,2903,800.0,4505,1.46207,118.6
2890826,2904,830.0,4389,1.49371,118.6
2892478,2905,1230.0,6623,1.5354,118.6
2893522,2906,695.0,4215,1.5473,118.6
2895304,2907,1130.0,7145,1.51437,118.6
2896741,2908,1080.0,5777,1.47343,118.6
2897729,2909,580.0,3973,1.45011,118.6
2898594,2910,540.0,3485,1.4457,118.6
2899360,2911,430.0,3079,1.44181,118.6
2899914,2912,440.0,2249,1.45999,118.6
2900792,2913,585.0,3534,1.44148,118.6
2902045,2914,1070.0,5041,1.44916,118.6
2903468,2915,1175.0,5717,1.47875,118.6
2904351,2916,575.0,3545,1.49878,118.6
2905750,2917,1050.0,5625,1.50545,118.6
2907631,2918,1180.0,7549,1.51121,118.6
2909310,2919,1200.0,6737,1.50789,118.6
2910738,2920,1285.0,5735,1.47496,118.6
2912298,2921,1215.0,6273,1.47403,118.6
2913102,2922,575.0,3230,1.48386,118.6
2914857,2923,1120.0,7039,1.49473,118.6
2916672,2924,1145.0,7285,1.47375,118.6
2918126,2925,1220.0,5827,1.46355,118.6
2918949,2926,480.0,3305,1.44107,118.6
2920630,2927,1230.0,6747,1.45784,118.6
2921380,2928,600.0,3017,1.4722,118.6
2922168,2929,520.0,3179,1.48748,118.6
2924185,2930,1205.0,8105,1.49242,118.6
2925869,2931,1080.0,6761,1.47222,118.6
2927814,2932,1230.0,7813,1.44368,118.6
2929634,2933,1300.0,7315,1.47498,118.6
2931291,2934,1230.0,6661,1.45306,118.6
2932869,2935,1375.0,6333,1.46943,118.6
2934458,2936,1515.0,6375,1.45982,118.6
2936219,2937,1430.0,7073,1.48786,118.6
2938412,2938,1620.0,8797,1.49601,118.6
2940202,2939,1200.0,7195,1.46144,118.6
2941783,2940,1200.0,6359,1.44268,118.6
2942717,2941,770.0,3753,1.44745,118.6
2944232,2942,1200.0,6077,1.46037,118.6
2945513,2943,900.0,5151,1.45705,118.6
2947303,2944,1175.0,7180,1.47645,118.6
2948614,2945,1450.0,5273,1.50502,118.6
2950164,2946,1230.0,6231,1.49968,118.7
2951959,2947,1430.0,7191,1.46822,118.7
2953440,2948,1140.0,5957,1.48802,118.7
2954977,2949,1230.0,6169,1.5045,118.7
2955759,2950,540.0,3152,1.51192,118.7
2957010,2951,995.0,5027,1.49197,118.7
2958600,2952,1175.0,6371,1.48646,118.7
2960042,2953,955.0,5788,1.47046,118.7
2961374,2954,1215.0,5357,1.48667,118.7
2963115,2955,1145.0,6989,1.47885,118.7
2964919,2956,1205.0,7236,1.46648,118.7
2966811,2957,1230.0,7583,1.48952,118.7
2968423,2958,1170.0,6461,1.504,118.7
2969158,2959,575.0,2974,1.48461,118.7
2970795,2960,1165.0,6581,1.46871,118.7
2972474,2961,1235.0,6755,1.47519,118.7
2973479,2962,575.0,4037,1.52487,118.7
2975172,2963,1175.0,6809,1.52303,118.7
2976379,2964,600.0,4843,1.52572,118.7
2977319,2965,600.0,3779,1.50594,118.7
2978951,2966,1105.0,6541,1.52211,118.7
2979847,2967,605.0,3609,1.50163,118.7
2981648,2968,1430.0,7237,1.46843,118.7
2983433,2969,1210.0,7161,1.46352,118.7
2985188,2970,1265.0,7041,1.4655,118.7
2986065,2971,545.0,3525,1.46488,118.7
2987659,2972,1230.0,6413,1.46171,118.7
2988708,2973,785.0,4225,1.45804,118.7
2989597,2974,610.0,3565,1.47535,118.7
2991691,2975,1200.0,8401,1.48315,118.7
2992611,2976,600.0,3689,1.50137,118.7
2993652,2977,550.0,4184,1.52672,118.7
2995213,2978,1145.0,6281,1.52936,118.7
2996890,2979,1230.0,6741,1.52651,118.7
2997703,2980,615.0,3277,1.51452,118.7
2998748,2981,555.0,4201,1.52604,118.7
2999735,2982,495.0,3965,1.51042,118.7
3001876,2983,1620.0,8585,1.48644,118.7
3003570,2984,1430.0,6797,1.49177,118.7
3004738,2985,1000.0,4699,1.50704,118.7
3005917,2986,915.0,4735,1.50797,118.7
3007524,2987,1230.0,6451,1.50948,118.7
3009832,2988,1725.0,9265,1.51408,118.7
3011530,2989,1125.0,6813,1.51132,118.7
3012332,2990,630.0,3249,1.50561,118.7
3014049,2991,1200.0,6905,1.46711,118.7
3014957,2992,990.0,3651,1.44975,118.7
3015953,2993,580.0,4005,1.44065,118.7
3017410,2994,1200.0,5851,1.46563,118.7
3018948,2995,1275.0,6187,1.49008,118.8
3019964,2996,575.0,4097,1.50444,118.8
3021619,2997,1140.0,6645,1.49772,118.8
3022667,2998,485.0,4205,1.49244,118.8
3024009,2999,1065.0,5399,1.48802,118.8
3025595,3000,1430.0,6371,1.46874,118.8
3026942,3001,1040.0,5419,1.46238,118.8
3029541,3002,1595.0,10413,1.46076,118.8
3031180,3003,1170.0,6571,1.45751,118.8
3032757,3004,1205.0,6339,1.46713,118.8
3034892,3005,1385.0,8581,1.45897,118.8
3036502,3006,1310.0,6461,1.43842,118.8
3037554,3007,780.0,4241,1.46992,118.8
3038905,3008,950.0,5425,1.4858,118.8
3040087,3009,1010.0,4753,1.50432,118.8
3040945,3010,610.0,3449,1.51183,118.8
3042120,3011,935.0,4725,1.48182,118.8
3043769,3012,1430.0,6623,1.47984,118.8
3045280,3013,1485.0,6057,1.48812,118.8
3046949,3014,1230.0,6687,1.47092,118.9
3048417,3015,1035.0,5885,1.48031,118.9
3049188,3016,615.0,3117,1.47909,118.9
3050806,3017,1145.0,6495,1.4822,118.9
3051946,3018,855.0,4595,1.44884,118.9
3053424,3019,1030.0,5937,1.44053,118.9
3055241,3020,1205.0,7305,1.4628,118.9
3056947,3021,1430.0,6863,1.49124,118.9
3058468,3022,1040.0,6111,1.49242,118.9
3060285,3023,1445.0,7303,1.48801,118.9
3061242,3024,610.0,3845,1.45343,118.9
3062112,3025,630.0,3517,1.44844,118.9
3063507,3026,1005.0,5608,1.46238,118.9
3065105,3027,1405.0,6417,1.47699,118.9
3065877,3028,575.0,3116,1.46663,118.9
3067468,3029,1230.0,6391,1.43854,118.9
3069052,3030,1430.0,6351,1.44794,118.9
3071323,3031,1610.0,9099,1.42704,118.9
3073522,3032,1620.0,8815,1.44161,119.0
3074341,3033,575.0,3301,1.46649,119.0
3076138,3034,1230.0,7199,1.47284,119.0
3077827,3035,1180.0,6771,1.44941,119.0
3079200,3036,1205.0,5509,1.45565,119.0
3081600,3037,1655.0,9621,1.41672,119.0
3082402,3038,615.0,3225,1.41705,119.0
3084117,3039,1200.0,6877,1.41637,119.0
3085468,3040,945.0,5437,1.42499,119.0
3086974,3041,1235.0,6061,1.42383,119.0
3088667,3042,1430.0,6811,1.46906,119.0
3089588,3043,575.0,3703,1.45999,119.0
3091251,3044,1060.0,6683,1.42717,119.0
3093022,3045,1145.0,7101,1.4149,119.0
3094103,3046,605.0,4347,1.41631,119.0
3095088,3047,605.0,3957,1.41817,119.0
3097492,3048,1505.0,9655,1.41186,119.0
3099228,3049,1375.0,6966,1.41041,119.0
3099951,3050,490.0,2929,1.41927,119.1
3101835,3051,1230.0,7547,1.44662,119.0
3104079,3052,1775.0,8999,1.46258,119.0
3105139,3053,885.0,4275,1.46601,119.1
3106858,3054,1540.0,6889,1.45946,119.1
3107723,3055,545.0,3465,1.47248,119.1
3109360,3056,1430.0,6583,1.44427,119.1
3110958,3057,1205.0,6407,1.44073,119.1
3112400,3058,1035.0,5801,1.41944,119.1
3113227,3059,580.0,3327,1.4423,119.1
3114273,3060,600.0,4225,1.44958,119.1
3115627,3061,1075.0,5437,1.46021,119.1
3116288,3062,355.0,2665,1.48322,119.1
3117133,3063,560.0,3389,1.48029,119.1
3118403,3064,805.0,5109,1.46208,119.1
3119956,3065,1175.0,6229,1.43311,119.1
3121731,3066,1630.0,7135,1.41715,119.1
3122528,3067,570.0,3216,1.43713,119.1
3123196,3068,390.0,2699,1.44908,119.1
3125258,3069,1630.0,8261,1.45403,119.1
3126741,3070,1040.0,5973,1.42905,119.1
3128382,3071,1235.0,6593,1.41567,119.1
3129292,3072,575.0,3663,1.41059,119.1
3130708,3073,1125.0,5683,1.42038,119.1
3132390,3074,1230.0,6755,1.45447,119.1
3133318,3075,775.0,3726,1.44868,119.1
3134861,3076,1120.0,6187,1.43641,119.1
3135822,3077,575.0,3863,1.43407,119.1
3137515,3078,1435.0,6805,1.43723,119.1
3138447,3079,570.0,3756,1.4354,119.1
3139688,3080,980.0,4989,1.42419,119.1
3141056,3081,990.0,5487,1.43497,119.1
3143063,3082,1610.0,8063,1.44317,119.1
3144498,3083,990.0,5761,1.44275,119.1
3145748,3084,890.0,5041,1.45043,119.1
3146674,3085,540.0,3722,1.45601,119.1
3148108,3086,1035.0,5773,1.47125,119.1
3149344,3087,1205.0,4967,1.45235,119.1
3150330,3088,515.0,3983,1.42088,119.1
3152165,3089,1155.0,7381,1.40269,119.1
3154370,3090,1765.0,8833,1.44899,119.2
3156174,3091,1140.0,7241,1.45497,119.2
3157002,3092,420.0,3341,1.44101,119.2
3158445,3093,1115.0,5793,1.44122,119.2
3159782,3094,1045.0,5367,1.44528,119.2
3161246,3095,1110.0,5879,1.46784,119.2
3163045,3096,1400.0,7207,1.44493,119.2
3163864,3097,815.0,3301,1.4262,119.2
3165254,3098,955.0,5593,1.46124,119.2
3166504,3099,1125.0,5041,1.45925,119.2
3168262,3100,1110.0,7045,1.4431,119.2
3169294,3101,495.0,4147,1.40624,119.2
3171503,3102,1670.0,8864,1.40613,119.2
3173101,3103,1320.0,6411,1.45356,119.2
3174815,3104,1430.0,6887,1.45627,119.2
3176349,3105,1205.0,6155,1.43676,119.2
3178046,3106,1110.0,6809,1.42283,119.2
3179679,3107,1210.0,6553,1.44085,119.2
3180831,3108,960.0,4626,1.43341,119.2
3182396,3109,1405.0,6278,1.41696,119.2
3184652,3110,1865.0,9041,1.3966,119.2
3187055,3111,1705.0,9651,1.42705,119.2
3188746,3112,1115.0,6777,1.43807,119.2
3189938,3113,885.0,4807,1.42004,119.2
3191204,3114,950.0,5089,1.39395,119.3
3192388,3115,970.0,4775,1.40024,119.3
3193053,3116,580.0,2675,1.39171,119.3
3193978,3117,610.0,3709,1.40505,119.3
3195330,3118,810.0,5437,1.42723,119.3
3197123,3119,1230.0,7185,1.43843,119.3
3197989,3120,575.0,3499,1.43471,119.3
3199614,3121,1605.0,6539,1.42524,119.3
3201383,3122,1385.0,7117,1.40556,119.3
3202838,3123,945.0,5853,1.40497,119.3
3204646,3124,1200.0,7263,1.43508,119.3
3205590,3125,460.0,3817,1.44049,119.3
3207611,3126,1550.0,8091,1.44239,119.3
3209157,3127,1245.0,6217,1.41403,119.3
3209965,3128,460.0,3271,1.39997,119.3
3211441,3129,1190.0,5920,1.37661,119.3
3212937,3130,1270.0,6013,1.36377,119.3
3214724,3131,1240.0,7171,1.38939,119.3
3216421,3132,1170.0,6813,1.42552,119.3
3217795,3133,950.0,5521,1.41218,119.3
3219481,3134,1370.0,6776,1.40688,119.3
3221388,3135,1230.0,7635,1.39224,119.3
3223988,3136,2230.0,10419,1.39865,119.3
3225468,3137,940.0,5937,1.41111,119.3
3226941,3138,1135.0,5909,1.41575,119.3
3228974,3139,1235.0,8167,1.40209,119.3
3230370,3140,1030.0,5609,1.42129,119.3
3231824,3141,1180.0,5838,1.44111,119.3
3233446,3142,1175.0,6522,1.44224,119.3
3234232,3143,570.0,3152,1.42349,119.3
3235780,3144,1235.0,6203,1.40377,119.3
3238347,3145,2060.0,10285,1.39766,119.4
3239851,3146,1230.0,6037,1.39692,119.4
3241249,3147,990.0,5611,1.41377,119.4
3242883,3148,1145.0,6577,1.42625,119.4
3244517,3149,1275.0,6573,1.40379,119.4
3245982,3150,1035.0,5873,1.37599,119.4
3246957,3151,545.0,3911,1.38729,119.4
3248594,3152,1250.0,6565,1.40144,119.4
3249942,3153,895.0,5419,1.40538,119.4
3251398,3154,1205.0,5858,1.40395,119.4
3253076,3155,1210.0,6745,1.40454,119.4
3255222,3156,1935.0,8613,1.45187,119.4
3256107,3157,555.0,3556,1.44615,119.4
3257693,3158,815.0,6357,1.46793,119.4
3259211,3159,1160.0,6091,1.44444,119.4
3260947,3160,1145.0,6985,1.39628,119.4
3261958,3161,545.0,4063,1.35209,119.4
3263738,3162,1230.0,7149,1.38266,119.4
3265193,3163,1325.0,5851,1.39969,119.4
3267164,3164,1230.0,7907,1.40108,119.4
3268474,3165,985.0,5259,1.39647,119.4
3270038,3166,1400.0,6292,1.41112,119.4
3271866,3167,1145.0,7323,1.38502,119.4
3273222,3168,1075.0,5445,1.39968,119.4
3274404,3169,755.0,4745,1.39726,119.4
3275938,3170,1405.0,6161,1.41421,119.4
3276812,3171,530.0,3517,1.41577,119.4
3278272,3172,1310.0,5873,1.40431,119.4
3279598,3173,945.0,5316,1.41087,119.4
3281151,3174,1085.0,6225,1.41715,119.5
3282954,3175,1430.0,7247,1.39211,119.5
3283917,3176,540.0,3876,1.39482,119.5
3286007,3177,1715.0,8393,1.40803,119.5
3288207,3178,1795.0,8833,1.44441,119.5
3289091,3179,630.0,3551,1.44804,119.5
3290781,3180,1200.0,6799,1.46457,119.5
3292172,3181,1185.0,5585,1.44456,119.5
3293007,3182,550.0,3355,1.44618,119.5
3294494,3183,1275.0,5975,1.43862,119.5
3295448,3184,545.0,3841,1.40707,119.5
3296918,3185,1045.0,5891,1.37392,119.5
3298431,3186,1200.0,6073,1.38245,119.5
3299678,3187,1115.0,5015,1.40838,119.5
3301616,3188,1230.0,7787,1.45033,119.5
3302393,3189,600.0,3113,1.45578,119.5
3304276,3190,1600.0,7565,1.46088,119.5
3305053,3191,685.0,3137,1.44948,119.5
3306604,3192,1130.0,6221,1.42627,119.5
3308164,3193,1100.0,6259,1.41307,119.5
3308930,3194,515.0,3085,1.41718,119.5
3310488,3195,1325.0,6267,1.44439,119.5
3311955,3196,1085.0,5907,1.42921,119.5
3313709,3197,1235.0,7049,1.42331,119.5
3315399,3198,1205.0,6788,1.41699,119.5
3317146,3199,1125.0,7027,1.41654,119.5
3318793,3200,1180.0,6617,1.42185,119.5
3320354,3201,1435.0,6275,1.40555,119.5
3321821,3202,1145.0,5885,1.40168,119.5
3322817,3203,575.0,4007,1.39541,119.5
3323874,3204,600.0,4235,1.39909,119.5
3325756,3205,1230.0,7553,1.39732,119.6
3326652,3206,570.0,3623,1.41778,119.6
3328147,3207,1430.0,6017,1.4324,119.6
3329725,3208,1120.0,6351,1.43637,119.6
3331269,3209,1230.0,6183,1.44875,119.6
3332661,3210,1230.0,5603,1.44952,119.6
3334763,3211,1610.0,8439,1.42976,119.6
3335563,3212,500.0,3217,1.40996,119.6
3336918,3213,990.0,5457,1.42239,119.6
3337904,3214,575.0,3955,1.4209,119.6
3339933,3215,1640.0,8153,1.41865,119.6
3341624,3216,1340.0,6805,1.40144,119.6
3342287,3217,565.0,2683,1.40477,119.6
3344621,3218,1550.0,9357,1.43611,119.6
3345328,3219,525.0,2837,1.44951,119.6
3347061,3220,1155.0,6969,1.40852,119.6
3348720,3221,1200.0,6673,1.41241,119.6
3350198,3222,1155.0,5918,1.42976,119.6
3351845,3223,1200.0,6624,1.43054,119.6
3353294,3224,1145.0,5821,1.43474,119.6
3354899,3225,1200.0,6459,1.42955,119.6
3356421,3226,1205.0,6123,1.41303,119.7
3357282,3227,510.0,3469,1.39414,119.7
3358424,3228,600.0,4577,1.40162,119.7
3359801,3229,1085.0,5537,1.41462,119.7
3361350,3230,1230.0,6233,1.4014,119.7
3363016,3231,1230.0,6681,1.40437,119.7
3363623,3232,365.0,2467,1.40318,119.7
3365536,3233,1230.0,7691,1.37575,119.7
3367644,3234,1570.0,8445,1.35647,119.7
3368651,3235,600.0,4061,1.38438,119.7
3369394,3236,475.0,2999,1.42182,119.7
3371191,3237,1110.0,7207,1.43007,119.7
3372116,3238,575.0,3728,1.43298,119.7
3373738,3239,1400.0,6519,1.39435,119.7
3374765,3240,570.0,4145,1.38866,119.7
3376108,3241,1165.0,5407,1.39589,119.7
3376964,3242,470.0,3449,1.40426,119.7
3378633,3243,1145.0,6715,1.44036,119.7
3380270,3244,1230.0,6561,1.44159,119.7
3381731,3245,995.0,5869,1.42213,119.7
3383331,3246,1260.0,6417,1.39604,119.7
3384435,3247,600.0,4447,1.38497,119.7
3385025,3248,375.0,2379,1.38467,119.7
3387076,3249,1160.0,8217,1.40742,119.8
3388475,3250,1045.0,5625,1.40364,119.8
3390228,3251,1200.0,7040,1.4256,119.8
3392361,3252,1515.0,8563,1.46105,119.8
3393830,3253,930.0,5909,1.45203,119.8
3395990,3254,1580.0,8653,1.40631,119.8
3396912,3255,490.0,3705,1.42774,119.8
3398401,3256,995.0,5969,1.466,119.8
3399354,3257,580.0,3827,1.47428,119.8
3401031,3258,1150.0,6723,1.46764,119.8
3401987,3259,785.0,3849,1.45598,119.8
3403810,3260,1380.0,7329,1.43242,119.8
3404741,3261,595.0,3741,1.42683,119.8
3406570,3262,1370.0,7349,1.42352,119.8
3408076,3263,1200.0,6043,1.44918,119.8
3409411,3264,1200.0,5365,1.44725,119.8
3410938,3265,1185.0,6139,1.43956,119.8
3411827,3266,575.0,3585,1.43338,119.8
3413394,3267,1120.0,6291,1.41328,119.8
3414319,3268,575.0,3728,1.39881,119.8
3415836,3269,990.0,6083,1.38928,119.8
3417180,3270,1335.0,5395,1.40215,119.8
3418884,3271,1145.0,6844,1.40225,119.8
3420167,3272,930.0,5167,1.41583,119.8
3422256,3273,1500.0,8388,1.42081,119.8
3423205,3274,575.0,3813,1.42463,119.8
3424669,3275,1200.0,5875,1.40945,119.8
3426229,3276,1160.0,6269,1.41241,119.9
3427595,3277,1035.0,5485,1.42683,119.9
3428344,3278,525.0,3025,1.4179,119.9
3429824,3279,1175.0,5946,1.41157,119.9
3431096,3280,1015.0,5119,1.40199,119.9
3432988,3281,1235.0,7601,1.4091,119.9
3434545,3282,1145.0,6242,1.40301,119.9
3436825,3283,1705.0,9143,1.43571,119.9
3438177,3284,730.0,5435,1.45499,119.9
3440032,3285,1205.0,7448,1.44722,119.9
3441958,3286,1200.0,7743,1.42355,119.9
3443360,3287,1305.0,5625,1.41568,119.9
3445034,3288,1430.0,6731,1.44119,119.9
3446580,3289,1175.0,6216,1.43537,119.9
3447139,3290,390.0,2241,1.43798,119.9
3449334,3291,1915.0,8795,1.42388,119.9
3451798,3292,1735.0,9873,1.45512,119.9
3453429,3293,1200.0,6545,1.44935,119.9
3454519,3294,540.0,4397,1.43707,119.9
3455438,3295,500.0,3701,1.4478,119.9
3456953,3296,1370.0,6083,1.42222,119.9
3458674,3297,1335.0,6921,1.44259,120.0
3460633,3298,1200.0,7869,1.44586,120.0
3462252,3299,1660.0,6515,1.41212,120.0
3463560,3300,945.0,5243,1.41242,120.0
3465025,3301,1235.0,5887,1.40645,120.0
3467054,3302,1385.0,8155,1.44297,120.0
3468783,3303,1230.0,6947,1.41911,120.0
3470564,3304,1430.0,7145,1.38128,120.0
3472044,3305,1055.0,5951,1.38188,120.0
3473925,3306,1585.0,7543,1.40021,120.0
3474860,3307,575.0,3756,1.4019,120.0
3476120,3308,915.0,5067,1.39164,120.0
3477285,3309,925.0,4687,1.37592,120.0
3478622,3310,1275.0,5375,1.37147,120.0
3480027,3311,1025.0,5633,1.39844,120.0
3481057,3312,885.0,4155,1.4065,120.0
3482459,3313,1175.0,5637,1.40399,120.0
3484918,3314,1770.0,9865,1.39173,120.0
3486389,3315,1280.0,5903,1.37811,120.0
3487539,3316,720.0,4627,1.3865,120.0
3488490,3317,740.0,3831,1.38455,120.0
3489496,3318,540.0,4063,1.38858,120.0
3491530,3319,1335.0,8177,1.38704,120.1
3492354,3320,770.0,3325,1.38749,120.1
3494042,3321,1205.0,6780,1.39227,120.1
3495686,3322,1200.0,6595,1.37304,120.1
3496743,3323,545.0,4261,1.35241,120.1
3497505,3324,600.0,3053,1.35379,120.1
3499718,3325,1495.0,8891,1.40351,120.1
3500733,3326,600.0,4073,1.38984,120.1
3502641,3327,1230.0,7663,1.35431,120.1
3503768,3328,955.0,4547,1.31784,120.1
3505389,3329,1400.0,6511,1.35644,120.1
3507443,3330,1200.0,8233,1.39551,120.1
3509053,3331,1320.0,6467,1.37501,120.1
3510008,3332,800.0,3845,1.37098,120.1
3511711,3333,1400.0,6829,1.3496,120.1
3512866,3334,1040.0,4637,1.36747,120.1
3514380,3335,1170.0,6077,1.36633,120.1
3515974,3336,1490.0,6409,1.40958,120.1
3516777,3337,480.0,3249,1.38956,120.1
3519245,3338,2395.0,9889,1.34811,120.1
3520468,3339,595.0,4927,1.35976,120.1
3521234,3340,535.0,3085,1.38403,120.1
3522163,3341,490.0,3731,1.38728,120.1
3523035,3342,615.0,3499,1.38748,120.1
3523780,3343,515.0,2987,1.36748,120.1
3526316,3344,2185.0,10175,1.3337,120.1
3527942,3345,1170.0,6521,1.33489,120.1
3529388,3346,1040.0,5799,1.33329,120.1
3531219,3347,1635.0,7353,1.33969,120.1
3532878,3348,1230.0,6647,1.33865,120.2
3533690,3349,520.0,3263,1.32454,120.2
3535295,3350,1175.0,6433,1.31845,120.2
3536925,3351,1175.0,6537,1.32564,120.2
3539912,3352,2015.0,11987,1.32552,120.2
3542069,3353,1530.0,8651,1.31378,120.2
3543712,3354,1370.0,6599,1.32795,120.2
3545740,3355,1505.0,8147,1.35416,120.2
3546644,3356,470.0,3649,1.33913,120.2
3548047,3357,1200.0,5648,1.341,120.2
3549385,3358,1085.0,5371,1.3313,120.2
3550302,3359,545.0,3689,1.31592,120.2
3552347,3360,1520.0,8215,1.31731,120.2
3554712,3361,1705.0,9493,1.34261,120.2
3556366,3362,1405.0,6631,1.34389,120.2
3557184,3363,580.0,3293,1.32765,120.2
3558761,3364,1310.0,6327,1.33684,120.2
3560125,3365,1175.0,5480,1.33377,120.2
3561768,3366,1085.0,6587,1.34182,120.2
3563910,3367,1410.0,8581,1.34837,120.2
3566017,3368,1695.0,8455,1.37383,120.3
3566975,3369,775.0,3870,1.36714,120.3
3568358,3370,1085.0,5543,1.36687,120.3
3569226,3371,770.0,3495,1.3583,120.3
3571021,3372,1260.0,7199,1.35382,120.3
3572439,3373,1400.0,5695,1.34795,120.3
3574278,3374,1805.0,7395,1.37452,120.3
3576044,3375,1370.0,7089,1.36545,120.3
3577313,3376,1000.0,5111,1.35816,120.3
3578994,3377,1585.0,6753,1.3297,120.3
3580754,3378,1210.0,7070,1.35383,120.3
3581725,3379,605.0,3897,1.35389,120.3
3583194,3380,1125.0,5901,1.36384,120.3
3584713,3381,950.0,6091,1.33162,120.3
3586282,3382,1325.0,6291,1.33596,120.3
3587868,3383,1235.0,6367,1.35154,120.3
3589581,3384,1440.0,6859,1.32624,120.3
3590598,3385,575.0,4103,1.3348,120.3
3591463,3386,600.0,3465,1.32601,120.3
3593090,3387,1145.0,6541,1.36811,120.3
3595716,3388,1860.0,10531,1.39715,120.3
3596842,3389,780.0,4533,1.36081,120.3
3598681,3390,1710.0,7397,1.36776,120.3
3599457,3391,600.0,3129,1.38494,120.3
3601386,3392,1440.0,7731,1.38236,120.3
3603161,3393,1240.0,7117,1.35597,120.3
3604439,3394,980.0,5127,1.36074,120.3
3605761,3395,1055.0,5309,1.34633,120.3
3607336,3396,1260.0,6315,1.36291,120.3
3608520,3397,885.0,4773,1.34883,120.3
3609939,3398,1150.0,5711,1.32737,120.4
3611549,3399,1205.0,6474,1.3422,120.4
3614080,3400,1735.0,10137,1.37847,120.4
3616112,3401,1825.0,8161,1.35949,120.4
3617119,3402,455.0,4057,1.35169,120.4
3618081,3403,605.0,3863,1.3389,120.4
3619829,3404,1200.0,7019,1.36834,120.4
3621172,3405,960.0,5387,1.38582,120.4
3622710,3406,1110.0,6169,1.35449,120.4
3623907,3407,960.0,4805,1.34426,120.4
3625400,3408,1120.0,5991,1.35684,120.4
3627300,3409,1445.0,7629,1.35028,120.4
3629261,3410,1525.0,7879,1.33725,120.4
3630898,3411,1170.0,6581,1.36187,120.4
3632457,3412,1375.0,6267,1.39918,120.4
3633880,3413,1175.0,5723,1.40813,120.4
3635900,3414,1465.0,8103,1.39592,120.4
3637004,3415,605.0,4443,1.40046,120.4
3638793,3416,1400.0,7179,1.40091,120.4
3639768,3417,575.0,3917,1.38583,120.4
3641824,3418,1585.0,8259,1.39885,120.4
3643017,3419,750.0,4795,1.41768,120.4
3644362,3420,1025.0,5397,1.42557,120.5
3645228,3421,600.0,3485,1.42091,120.5
3646505,3422,970.0,5141,1.42165,120.5
3648032,3423,1300.0,6147,1.42695,120.5
3649183,3424,515.0,4625,1.43098,120.5
3650535,3425,915.0,5425,1.41981,120.5
3652145,3426,1170.0,6462,1.40636,120.5
3653239,3427,915.0,4413,1.39672,120.5
3655958,3428,2115.0,10909,1.37761,120.5
3656840,3429,540.0,3561,1.37468,120.5
3658625,3430,1230.0,7163,1.39122,120.5
3659487,3431,480.0,3487,1.40045,120.5
3660964,3432,1120.0,5931,1.41777,120.5
3662672,3433,1230.0,6849,1.44792,120.5
3663612,3434,605.0,3785,1.43618,120.5
3665288,3435,1260.0,6729,1.41843,120.5
3666866,3436,1250.0,6345,1.3924,120.5
3668463,3437,1090.0,6409,1.43192,120.5
3669833,3438,890.0,5499,1.41868,120.5
3671744,3439,1405.0,7680,1.42128,120.5
3674433,3440,2375.0,10787,1.40864,120.5
3676882,3441,1790.0,9821,1.41428,120.5
3678737,3442,1405.0,7451,1.42832,120.5
3681700,3443,2155.0,11868,1.40945,120.5
3683099,3444,930.0,5621,1.42177,120.5
3684447,3445,1140.0,5425,1.41274,120.5
3685682,3446,890.0,4979,1.41506,120.5
3687421,3447,1230.0,6979,1.39722,120.5
3689432,3448,1235.0,8071,1.39371,120.5
3690916,3449,1145.0,5975,1.4215,120.5
3691610,3450,480.0,2785,1.41325,120.5
3693181,3451,1165.0,6313,1.41005,120.6
3694086,3452,580.0,3639,1.41262,120.6
3695373,3453,720.0,5175,1.43224,120.6
3697329,3454,1460.0,7837,1.41257,120.6
3699101,3455,1205.0,7105,1.39997,120.6
3701067,3456,1235.0,7879,1.39098,120.5
3701782,3457,615.0,2889,1.39522,120.6
3702621,3458,800.0,3383,1.39191,120.6
3704708,3459,1145.0,8371,1.41858,120.6
3706078,3460,1050.0,5515,1.40473,120.6
3707685,3461,1150.0,6451,1.39388,120.6
3708589,3462,500.0,3655,1.39532,120.6
3710364,3463,1230.0,7111,1.39914,120.6
3710936,3464,350.0,2299,1.38924,120.6
3711894,3465,610.0,3853,1.40124,120.6
3713711,3466,1480.0,7307,1.41314,120.6
3716024,3467,1690.0,9287,1.42792,120.6
3717754,3468,1150.0,6957,1.41326,120.6
3719528,3469,1230.0,7111,1.42974,120.6
3720209,3470,415.0,2753,1.4249,120.6
3722221,3471,1235.0,8079,1.45345,120.6
3724323,3472,1815.0,8445,1.46047,120.6
3725709,3473,1220.0,5583,1.44347,120.6
3727070,3474,940.0,5457,1.43619,120.6
3728545,3475,1180.0,5917,1.42112,120.6
3729883,3476,1410.0,5358,1.41156,120.6
3731596,3477,1205.0,6874,1.41901,120.6
3733217,3478,1230.0,6501,1.44257,120.6
3735210,3479,1535.0,8009,1.42717,120.6
3736766,3480,1230.0,6237,1.42853,120.6
3738129,3481,1235.0,5483,1.42205,120.6
3738962,3482,420.0,3347,1.42601,120.6
3740287,3483,1130.0,5315,1.43772,120.6
3742046,3484,1230.0,7047,1.44615,120.6
3744277,3485,1680.0,8954,1.45834,120.6
3745837,3486,1100.0,6279,1.44244,120.6
3746756,3487,575.0,3685,1.43419,120.6
3748398,3488,1015.0,6583,1.43304,120.6
3750641,3489,1830.0,8995,1.43815,120.6
3753001,3490,1745.0,9457,1.4307,120.6
3754266,3491,1175.0,5081,1.43021,120.6
3755042,3492,745.0,3126,1.43336,120.6
3756421,3493,975.0,5543,1.43406,120.6
3758081,3494,1230.0,6667,1.40421,120.6
3759796,3495,1235.0,6887,1.39411,120.6
3761457,3496,1170.0,6663,1.39502,120.6
3764096,3497,2210.0,10567,1.40037,120.6
3764926,3498,740.0,3329,1.39899,120.6
3766474,3499,1175.0,6203,1.37182,120.6
3768115,3500,1365.0,6577,1.37084,120.6
3769638,3501,1060.0,6123,1.39347,120.6
3771007,3502,920.0,5509,1.39266,120.6
3771817,3503,530.0,3279,1.39851,120.6
3773413,3504,1240.0,6403,1.40121,120.6
3774386,3505,810.0,3927,1.39111,120.7
3775801,3506,1215.0,5687,1.37602,120.7
3777887,3507,1555.0,8354,1.36656,120.7
3779543,3508,1480.0,6651,1.38233,120.7
3780972,3509,1175.0,5727,1.39003,120.7
3782054,3510,525.0,4334,1.41418,120.7
3783711,3511,1200.0,6643,1.41987,120.7
3785670,3512,1750.0,7861,1.40678,120.7
3787256,3513,1200.0,6362,1.38839,120.7
3788137,3514,805.0,3545,1.37522,120.7
3789919,3515,1180.0,7142,1.40146,120.7
3790889,3516,605.0,3909,1.40536,120.7
3792536,3517,1360.0,6597,1.41426,120.7
3794168,3518,1230.0,6543,1.43185,120.7
3794929,3519,605.0,3073,1.43887,120.7
3795621,3520,575.0,2803,1.43684,120.7
3798023,3521,1790.0,9644,1.39325,120.7
3799765,3522,1155.0,6981,1.3951,120.7
3801215,3523,1170.0,5822,1.40886,120.7
3802199,3524,565.0,3949,1.40933,120.7
3803743,3525,1150.0,6195,1.38926,120.7
3805199,3526,1400.0,5844,1.37915,120.7
3806689,3527,1125.0,5993,1.40418,120.7
3809021,3528,1955.0,9363,1.41054,120.7
3811142,3529,1400.0,8519,1.4242,120.7
3812990,3530,1570.0,7427,1.42496,120.7
3814207,3531,790.0,4907,1.39698,120.7
3815713,3532,1430.0,6045,1.38823,120.7
3817147,3533,1230.0,5759,1.40278,120.7
3818522,3534,1310.0,5535,1.39726,120.7
3819156,3535,470.0,2573,1.39133,120.7
3821295,3536,2000.0,8585,1.39118,120.7
3823394,3537,1785.0,8435,1.39518,120.7
3824328,3538,570.0,3761,1.39875,120.7
3825855,3539,1015.0,6135,1.4,120.7
3827315,3540,1240.0,5871,1.38426,120.7
3828485,3541,965.0,4709,1.38549,120.7
3830342,3542,1235.0,7461,1.42434,120.7
3831882,3543,1060.0,6187,1.42398,120.7
3833937,3544,1505.0,8247,1.41522,120.7
3836193,3545,1625.0,9057,1.40046,120.7
3838132,3546,1350.0,7771,1.40324,120.7
3839929,3547,1200.0,7209,1.40296,120.7
3840851,3548,595.0,3706,1.41592,120.7
3842699,3549,1340.0,7407,1.40598,120.7
3845136,3550,1790.0,9769,1.3847,120.8
3845872,3551,585.0,2967,1.39764,120.8
3847102,3552,1085.0,4951,1.39931,120.8
3848832,3553,1140.0,6949,1.38432,120.8
3850443,3554,1235.0,6477,1.37105,120.8
3852037,3555,1170.0,6389,1.35646,120.8
3853471,3556,1120.0,5759,1.3645,120.8
3855314,3557,1200.0,7401,1.3884,120.8
3857046,3558,1210.0,6954,1.40365,120.8
3858714,3559,1630.0,6689,1.3925,120.8
3860201,3560,1405.0,5967,1.37633,120.8
3862279,3561,1400.0,8341,1.40317,120.8
3863819,3562,1430.0,6187,1.42217,120.8
3866506,3563,2065.0,10789,1.35564,120.8
3867665,3564,1015.0,4639,1.34093,120.8
3869351,3565,1165.0,6767,1.3493,120.8
3870973,3566,1230.0,6501,1.33793,120.8
3872569,3567,1180.0,6409,1.33902,120.8
3874124,3568,1200.0,6229,1.34343,120.8
3875157,3569,545.0,4151,1.3509,120.8
3876830,3570,1095.0,6721,1.33339,120.8
3878392,3571,1330.0,6269,1.35336,120.8
3879681,3572,1020.0,5179,1.38178,120.8
3881059,3573,1370.0,5548,1.42249,120.8
3882860,3574,1555.0,7211,1.39318,120.8
3884736,3575,1445.0,7517,1.36323,120.8
3886583,3576,1365.0,7399,1.37009,120.8
3888119,3577,1205.0,6157,1.3893,120.8
3888832,3578,510.0,2889,1.3767,120.8
3890184,3579,1085.0,5425,1.40237,120.8
3891497,3580,1070.0,5279,1.39616,120.8
3892378,3581,775.0,3543,1.3973,120.8
3894630,3582,1515.0,9041,1.36692,120.8
3895709,3583,630.0,4335,1.38395,120.8
3896950,3584,955.0,4993,1.36505,120.8
3898568,3585,1140.0,6485,1.39338,120.8
3899363,3586,575.0,3207,1.39647,120.8
3900196,3587,575.0,3351,1.37778,120.8
3901450,3588,1170.0,5047,1.39535,120.8
3902762,3589,1230.0,5267,1.38179,120.8
3903327,3590,460.0,2289,1.36301,120.8
3905084,3591,1210.0,7038,1.37094,120.8
3907087,3592,1515.0,8045,1.39981,120.8
3907753,3593,580.0,2682,1.41252,120.8
3909788,3594,1480.0,8161,1.40916,120.8
3912149,3595,1695.0,9479,1.4107,120.8
3913705,3596,1240.0,6249,1.43417,120.8
3914948,3597,1015.0,4999,1.42921,120.8
3916370,3598,1100.0,5707,1.4179,120.9
3917695,3599,995.0,5315,1.41891,120.9
3919213,3600,1075.0,6107,1.43834,120.9
3920412,3601,835.0,4827,1.46167,120.9
3921630,3602,990.0,4885,1.46163,120.9
3923110,3603,1200.0,5951,1.46265,120.9
3924365,3604,1015.0,5037,1.46453,120.9
3926013,3605,1360.0,6629,1.44509,120.9
3927523,3606,1370.0,6055,1.44594,120.9
3930086,3607,1965.0,10291,1.4275,120.9
3931546,3608,1200.0,5878,1.42819,120.9
3933417,3609,1200.0,7513,1.41028,120.9
3935263,3610,1805.0,7402,1.39199,120.9
3937516,3611,1845.0,9039,1.40788,120.9
3938284,3612,610.0,3097,1.40693,120.9
3939950,3613,1375.0,6696,1.41484,120.9
3942030,3614,1530.0,8347,1.42488,120.9
3943521,3615,1100.0,5995,1.42748,120.9
3945048,3616,1240.0,6147,1.41937,120.9
3946572,3617,1230.0,6113,1.44842,120.9
3948662,3618,1525.0,8381,1.43038,120.9
3950233,3619,1045.0,6297,1.41966,120.9
3951936,3620,1145.0,6845,1.43065,120.9
3953476,3621,1315.0,6199,1.43402,120.9
3954328,3622,525.0,3413,1.44424,120.9
3955849,3623,1600.0,6103,1.41884,120.9
3957467,3624,1125.0,6485,1.41193,120.9
3959025,3625,1170.0,6251,1.40858,120.9
3960836,3626,1440.0,7267,1.44434,120.9
3961776,3627,725.0,3766,1.47151,120.9
3962648,3628,580.0,3519,1.46051,120.9
3964719,3629,1915.0,8297,1.43131,120.9
3965976,3630,1180.0,5065,1.40368,120.9
3966899,3631,575.0,3699,1.42739,120.9
3968621,3632,1405.0,6912,1.44618,120.9
3970167,3633,1235.0,6207,1.43107,121.0
3972882,3634,2080.0,10869,1.40719,121.0
3974885,3635,1700.0,8043,1.44002,121.0
3976570,3636,1175.0,6757,1.41533,121.0
3977920,3637,1240.0,5426,1.41584,121.0
3979330,3638,1050.0,5651,1.42142,121.0
3980218,3639,600.0,3571,1.43639,121.0
3981967,3640,1385.0,7036,1.42982,121.0
3983453,3641,1525.0,5969,1.43186,121.0
3984857,3642,1195.0,5647,1.46138,121.0
3985643,3643,575.0,3159,1.46369,121.0
3988187,3644,2265.0,10215,1.42612,121.0
3990028,3645,1375.0,7399,1.41564,121.0
3990948,3646,610.0,3697,1.42066,121.0
3992540,3647,1370.0,6396,1.41435,121.0
3994391,3648,1230.0,7439,1.39916,121.0
3995246,3649,600.0,3449,1.39456,121.0
3997026,3650,1240.0,7143,1.38778,121.0
3998711,3651,1320.0,6777,1.38329,121.0
